timestamp,api_timestamp,city_id,city_name,country,lat,lon,timezone,weather_id,weather_main,weather_description,temp,feels_like,temp_min,temp_max,pressure,humidity,sea_level_pressure,grnd_level_pressure,visibility,wind_speed,wind_direction,clouds_all,sunrise,sunset
2026-01-16T11:42:11.103478,1768563731,1594018,Ap Ba,VN,16.0544,108.2022,25200,801,Clouds,few clouds,296.15,296.67,296.15,296.15,1012,83,1012,999,10000,1.03,0,20,1768519093,1768559695
2026-01-16T11:43:42.124177,1768563822,1594018,Ap Ba,VN,16.0544,108.2022,25200,801,Clouds,few clouds,296.15,296.67,296.15,296.15,1012,83,1012,999,10000,1.03,0,20,1768519093,1768559695
2026-01-16T12:59:35.797008,1768568375,1594018,Ap Ba,VN,16.0544,108.2022,25200,802,Clouds,scattered clouds,296.15,296.67,296.15,296.15,1013,83,1013,1000,10000,0,0,40,1768519093,1768559695
2026-01-16T13:11:26.003395,1768568902,1594018,Ap Ba,VN,16.0544,108.2022,25200,802,Clouds,scattered clouds,296.15,296.67,296.15,296.15,1013,83,1013,1000,10000,0,0,40,1768519093,1768559695
2026-01-16T13:54:16.540045,1768571656,1594018,Ap Ba,VN,16.0544,108.2022,25200,802,Clouds,scattered clouds,295.15,295.7,295.15,295.15,1013,88,1013,1000,10000,1.03,250,40,1768519093,1768559695
2026-01-16T14:19:04.993209,1768573144,1594018,Ap Ba,VN,16.0544,108.2022,25200,802,Clouds,scattered clouds,295.15,295.7,295.15,295.15,1013,88,1013,1000,10000,1.03,0,40,1768519093,1768559695
2026-01-16T14:47:53.755472,1768574873,1594018,Ap Ba,VN,16.0544,108.2022,25200,801,Clouds,few clouds,295.15,295.7,295.15,295.15,1013,88,1013,1000,10000,1.03,0,20,1768519093,1768559695
2026-01-16T15:18:52.272349,1768576732,1594018,Ap Ba,VN,16.0544,108.2022,25200,801,Clouds,few clouds,295.15,295.7,295.15,295.15,1013,88,1013,1000,10000,0.51,260,20,1768519093,1768559695
2026-01-16T15:44:59.655825,1768578299,1594018,Ap Ba,VN,16.0544,108.2022,25200,802,Clouds,scattered clouds,294.15,294.76,294.15,294.15,1013,94,1013,1000,10000,0.51,0,40,1768519093,1768559695
2026-01-16T16:22:03.505877,1768580523,1594018,Ap Ba,VN,16.0544,108.2022,25200,802,Clouds,scattered clouds,295.15,295.7,295.15,295.15,1013,88,1013,1000,10000,0.51,0,40,1768519093,1768559695
2026-01-16T16:53:04.659296,1768582384,1594018,Ap Ba,VN,16.0544,108.2022,25200,802,Clouds,scattered clouds,295.15,295.57,295.15,295.15,1013,83,1013,999,10000,0,0,40,1768519093,1768559695
2026-01-16T17:20:38.632532,1768584038,1594018,Ap Ba,VN,16.0544,108.2022,25200,802,Clouds,scattered clouds,295.15,295.57,295.15,295.15,1013,83,1013,999,10000,0.51,0,40,1768605499,1768646130
2026-01-16T17:46:19.639575,1768585579,1594018,Ap Ba,VN,16.0544,108.2022,25200,802,Clouds,scattered clouds,294.15,294.6,294.15,294.15,1013,88,1013,999,10000,1.03,240,40,1768605499,1768646130
2026-01-16T18:25:27.636796,1768587927,1594018,Ap Ba,VN,16.0544,108.2022,25200,802,Clouds,scattered clouds,294.15,294.6,294.15,294.15,1013,88,1013,999,10000,0.51,250,40,1768605499,1768646130
2026-01-16T18:54:53.424799,1768589693,1594018,Ap Ba,VN,16.0544,108.2022,25200,802,Clouds,scattered clouds,294.15,294.76,294.15,294.15,1012,94,1012,998,10000,0.51,0,40,1768605499,1768646130
2026-01-16T19:17:02.944624,1768591022,1594018,Ap Ba,VN,16.0544,108.2022,25200,802,Clouds,scattered clouds,294.15,294.76,294.15,294.15,1012,94,1012,998,10000,1.03,220,40,1768605499,1768646130
2026-01-16T19:36:31.019228,1768592191,1594018,Ap Ba,VN,16.0544,108.2022,25200,802,Clouds,scattered clouds,294.15,294.76,294.15,294.15,1011,94,1011,998,10000,1.03,0,40,1768605499,1768646130
2026-01-16T20:17:50.047980,1768594670,1594018,Ap Ba,VN,16.0544,108.2022,25200,803,Clouds,broken clouds,294.15,294.76,294.15,294.15,1011,94,1011,998,10000,1.03,230,75,1768605499,1768646130
2026-01-16T20:41:52.363003,1768596112,1594018,Ap Ba,VN,16.0544,108.2022,25200,803,Clouds,broken clouds,294.15,294.6,294.15,294.15,1011,88,1011,998,10000,1.54,220,75,1768605499,1768646130
2026-01-16T21:16:10.238887,1768598170,1594018,Ap Ba,VN,16.0544,108.2022,25200,803,Clouds,broken clouds,294.15,294.6,294.15,294.15,1011,88,1011,998,10000,1.03,220,75,1768605499,1768646130
2026-01-16T21:41:06.589904,1768599666,1594018,Ap Ba,VN,16.0544,108.2022,25200,802,Clouds,scattered clouds,293.15,293.66,293.15,293.15,1011,94,1011,998,10000,1.03,200,40,1768605499,1768646130
2026-01-16T22:16:36.109472,1768601796,1594018,Ap Ba,VN,16.0544,108.2022,25200,801,Clouds,few clouds,293.15,293.66,293.15,293.15,1011,94,1011,998,8000,1.03,200,20,1768605499,1768646130
2026-01-16T22:44:09.617220,1768603449,1594018,Ap Ba,VN,16.0544,108.2022,25200,801,Clouds,few clouds,293.15,293.66,293.15,293.15,1012,94,1012,999,8000,0,0,20,1768605499,1768646130
2026-01-16T23:16:15.880034,1768605375,1594018,Ap Ba,VN,16.0544,108.2022,25200,801,Clouds,few clouds,293.15,293.66,293.15,293.15,1011,94,1011,999,6000,0.51,220,20,1768605499,1768646130
2026-01-16T23:40:26.734189,1768606826,1594018,Ap Ba,VN,16.0544,108.2022,25200,801,Clouds,few clouds,293.15,293.66,293.15,293.15,1012,94,1012,999,6000,0,0,20,1768605499,1768646130
2026-01-17T01:14:34.636125,1768612474,1594018,Ap Ba,VN,16.0544,108.2022,25200,801,Clouds,few clouds,296.15,296.54,296.15,296.15,1012,78,1012,1000,7000,0.51,0,20,1768605499,1768646130
2026-01-17T03:06:02.016310,1768619161,1594018,Ap Ba,VN,16.0544,108.2022,25200,801,Clouds,few clouds,297.15,297.51,297.15,297.15,1013,73,1013,1000,8000,1.54,140,20,1768605499,1768646130
2026-01-17T04:06:05.569819,1768622765,1594018,Ap Ba,VN,16.0544,108.2022,25200,803,Clouds,broken clouds,297.15,297.64,297.15,297.15,1013,78,1013,1000,10000,3.09,90,75,1768605499,1768646130
2026-01-17T04:50:35.676874,1768625415,1594018,Ap Ba,VN,16.0544,108.2022,25200,803,Clouds,broken clouds,297.15,297.64,297.15,297.15,1013,78,1013,999,10000,2.57,90,75,1768605499,1768646130
2026-01-17T05:16:40.060782,1768627000,1594018,Ap Ba,VN,16.0544,108.2022,25200,803,Clouds,broken clouds,298.15,298.61,298.15,298.15,1012,73,1012,999,10000,2.57,80,75,1768605499,1768646130
2026-01-17T05:42:45.046006,1768628565,1594018,Ap Ba,VN,16.0544,108.2022,25200,803,Clouds,broken clouds,298.15,298.61,298.15,298.15,1011,73,1011,997,10000,2.57,90,75,1768605499,1768646130
2026-01-17T06:23:53.539628,1768631033,1594018,Ap Ba,VN,16.0544,108.2022,25200,803,Clouds,broken clouds,298.15,298.61,298.15,298.15,1011,73,1011,997,10000,2.57,100,75,1768605499,1768646130
2026-01-17T06:51:39.490384,1768632699,1594018,Ap Ba,VN,16.0544,108.2022,25200,803,Clouds,broken clouds,297.15,297.64,297.15,297.15,1010,78,1010,997,10000,2.57,90,75,1768605499,1768646130
2026-01-17T07:15:30.416754,1768634130,1594018,Ap Ba,VN,16.0544,108.2022,25200,803,Clouds,broken clouds,298.15,298.61,298.15,298.15,1011,73,1011,997,10000,3.6,80,75,1768605499,1768646130
2026-01-17T07:37:59.035277,1768635479,1594018,Ap Ba,VN,16.0544,108.2022,25200,803,Clouds,broken clouds,297.15,297.64,297.15,297.15,1010,78,1010,996,10000,2.57,90,75,1768605499,1768646130
2026-01-17T08:20:19.308343,1768638019,1594018,Ap Ba,VN,16.0544,108.2022,25200,803,Clouds,broken clouds,297.15,297.64,297.15,297.15,1010,78,1010,996,10000,2.57,80,75,1768605499,1768646130
2026-01-17T08:46:44.435339,1768639604,1594018,Ap Ba,VN,16.0544,108.2022,25200,803,Clouds,broken clouds,297.15,297.64,297.15,297.15,1010,78,1010,996,10000,2.57,100,75,1768605499,1768646130
2026-01-17T09:15:38.584566,1768641338,1594018,Ap Ba,VN,16.0544,108.2022,25200,803,Clouds,broken clouds,297.15,297.64,297.15,297.15,1010,78,1010,996,10000,3.09,110,75,1768605499,1768646130
2026-01-17T09:39:47.112366,1768642787,1594018,Ap Ba,VN,16.0544,108.2022,25200,803,Clouds,broken clouds,297.15,297.64,297.15,297.15,1010,78,1010,997,10000,2.57,110,75,1768605499,1768646130
2026-01-17T10:16:09.642670,1768644969,1594018,Ap Ba,VN,16.0544,108.2022,25200,803,Clouds,broken clouds,297.15,297.51,297.15,297.15,1010,73,1010,997,10000,1.54,110,75,1768605499,1768646130
2026-01-17T10:42:34.888863,1768646554,1594018,Ap Ba,VN,16.0544,108.2022,25200,803,Clouds,broken clouds,297.15,297.51,297.15,297.15,1011,73,1011,998,10000,2.57,110,75,1768605499,1768646130
2026-01-17T11:13:25.975496,1768648405,1594018,Ap Ba,VN,16.0544,108.2022,25200,803,Clouds,broken clouds,296.15,296.54,296.15,296.15,1011,78,1011,998,10000,1.54,90,75,1768605499,1768646130
2026-01-17T11:36:45.685521,1768649805,1594018,Ap Ba,VN,16.0544,108.2022,25200,803,Clouds,broken clouds,296.15,296.54,296.15,296.15,1012,78,1012,998,10000,1.54,90,75,1768605499,1768646130
2026-01-17T12:30:26.320219,1768653026,1594018,Ap Ba,VN,16.0544,108.2022,25200,803,Clouds,broken clouds,296.15,296.54,296.15,296.15,1012,78,1012,999,10000,1.54,110,75,1768605499,1768646130
2026-01-17T13:25:41.127350,1768656341,1594018,Ap Ba,VN,16.0544,108.2022,25200,803,Clouds,broken clouds,296.15,296.54,296.15,296.15,1012,78,1012,999,10000,1.03,0,75,1768605499,1768646130
2026-01-17T13:44:43.070313,1768657483,1594018,Ap Ba,VN,16.0544,108.2022,25200,803,Clouds,broken clouds,296.15,296.54,296.15,296.15,1013,78,1013,1000,10000,1.03,0,75,1768605499,1768646130
2026-01-17T14:14:39.288681,1768659279,1594018,Ap Ba,VN,16.0544,108.2022,25200,801,Clouds,few clouds,296.15,296.54,296.15,296.15,1012,78,1012,1000,10000,0.51,0,20,1768605499,1768646130
2026-01-17T14:41:05.703346,1768660865,1594018,Ap Ba,VN,16.0544,108.2022,25200,801,Clouds,few clouds,296.15,296.54,296.15,296.15,1012,78,1012,999,10000,0.51,200,20,1768605499,1768646130
2026-01-17T15:15:04.356180,1768662904,1594018,Ap Ba,VN,16.0544,108.2022,25200,801,Clouds,few clouds,295.15,295.57,295.15,295.15,1012,83,1012,999,10000,0.51,0,20,1768605499,1768646130
2026-01-17T15:39:34.155667,1768664374,1594018,Ap Ba,VN,16.0544,108.2022,25200,801,Clouds,few clouds,294.15,294.6,294.15,294.15,1012,88,1012,999,10000,0.51,240,20,1768605499,1768646130
2026-01-17T16:17:40.676862,1768666660,1594018,Ap Ba,VN,16.0544,108.2022,25200,801,Clouds,few clouds,294.15,294.6,294.15,294.15,1012,88,1012,999,10000,1.54,240,20,1768605499,1768646130
2026-01-17T16:44:11.189364,1768668251,1594018,Ap Ba,VN,16.0544,108.2022,25200,800,Clear,clear sky,293.15,293.66,293.15,293.15,1012,94,1012,998,10000,0,0,0,1768605499,1768646130
2026-01-17T17:13:33.862194,1768670013,1594018,Ap Ba,VN,16.0544,108.2022,25200,801,Clouds,few clouds,293.15,293.66,293.15,293.15,1012,94,1012,998,10000,0,0,20,1768691904,1768732566
2026-01-17T17:38:49.728816,1768671529,1594018,Ap Ba,VN,16.0544,108.2022,25200,801,Clouds,few clouds,293.15,293.66,293.15,293.15,1012,94,1012,998,10000,0,0,20,1768691904,1768732566
2026-01-17T18:22:00.022122,1768674120,1594018,Ap Ba,VN,16.0544,108.2022,25200,800,Clear,clear sky,293.15,293.66,293.15,293.15,1011,94,1011,998,10000,0.51,0,0,1768691904,1768732566
2026-01-17T18:48:58.289889,1768675738,1594018,Ap Ba,VN,16.0544,108.2022,25200,800,Clear,clear sky,293.15,293.66,293.15,293.15,1011,94,1011,997,10000,0,0,0,1768691904,1768732566
2026-01-17T19:12:02.322356,1768677122,1594018,Ap Ba,VN,16.0544,108.2022,25200,800,Clear,clear sky,293.15,293.5,293.15,293.15,1011,88,1011,997,10000,0,0,0,1768691904,1768732566
2026-01-17T19:35:30.724025,1768678530,1594018,Ap Ba,VN,16.0544,108.2022,25200,800,Clear,clear sky,293.15,293.5,293.15,293.15,1010,88,1010,997,10000,0,0,0,1768691904,1768732566
2026-01-17T20:16:55.970423,1768681015,1594018,Ap Ba,VN,16.0544,108.2022,25200,701,Mist,mist,293.15,293.66,293.15,293.15,1010,94,1010,997,5000,0.51,330,20,1768691904,1768732566
2026-01-17T20:41:28.308469,1768682488,1594018,Ap Ba,VN,16.0544,108.2022,25200,701,Mist,mist,292.15,292.72,292.15,292.15,1010,100,1010,997,5000,0.51,350,20,1768691904,1768732566
2026-01-17T21:13:42.630911,1768684422,1594018,Ap Ba,VN,16.0544,108.2022,25200,701,Mist,mist,292.15,292.56,292.15,292.15,1010,94,1010,997,4900,0.51,230,20,1768691904,1768732566
2026-01-17T21:37:43.587461,1768685863,1594018,Ap Ba,VN,16.0544,108.2022,25200,701,Mist,mist,292.15,292.56,292.15,292.15,1010,94,1010,997,5000,1.03,230,20,1768691904,1768732566
2026-01-17T22:15:14.232692,1768688114,1594018,Ap Ba,VN,16.0544,108.2022,25200,701,Mist,mist,292.15,292.56,292.15,292.15,1010,94,1010,997,3500,0.51,210,20,1768691904,1768732566
2026-01-17T22:41:49.664373,1768689709,1594018,Ap Ba,VN,16.0544,108.2022,25200,701,Mist,mist,292.15,292.56,292.15,292.15,1011,94,1011,998,4500,0.51,170,20,1768691904,1768732566
2026-01-17T23:14:58.238801,1768691698,1594018,Ap Ba,VN,16.0544,108.2022,25200,701,Mist,mist,292.15,292.56,292.15,292.15,1011,94,1011,998,4500,0,0,20,1768691904,1768732566
2026-01-17T23:38:36.112282,1768693116,1594018,Ap Ba,VN,16.0544,108.2022,25200,701,Mist,mist,291.15,291.46,291.15,291.15,1012,94,1012,999,4000,0,0,84,1768691904,1768732566
2026-01-18T01:23:28.244752,1768699408,1594018,Ap Ba,VN,16.0544,108.2022,25200,802,Clouds,scattered clouds,295.15,295.57,295.15,295.15,1013,83,1013,999,8000,0,0,36,1768691904,1768732566
2026-01-18T03:20:10.259507,1768706410,1594018,Ap Ba,VN,16.0544,108.2022,25200,801,Clouds,few clouds,298.15,298.51,298.15,298.15,1014,69,1014,1000,10000,1.54,160,20,1768691904,1768732566
2026-01-18T04:27:14.289323,1768710434,1594018,Ap Ba,VN,16.0544,108.2022,25200,801,Clouds,few clouds,299.15,299.15,299.15,299.15,1013,61,1013,1000,10000,1.03,0,20,1768691904,1768732566
2026-01-18T04:57:42.841455,1768712262,1594018,Ap Ba,VN,16.0544,108.2022,25200,801,Clouds,few clouds,299.15,299.15,299.15,299.15,1012,61,1012,999,10000,1.54,90,20,1768691904,1768732566
2026-01-18T05:25:26.436098,1768713926,1594018,Ap Ba,VN,16.0544,108.2022,25200,801,Clouds,few clouds,299.15,299.15,299.15,299.15,1012,53,1012,999,10000,2.57,80,20,1768691904,1768732566
2026-01-18T05:45:44.568038,1768715144,1594018,Ap Ba,VN,16.0544,108.2022,25200,801,Clouds,few clouds,299.15,299.15,299.15,299.15,1011,57,1011,998,10000,2.57,90,20,1768691904,1768732566
2026-01-18T06:24:42.709135,1768717482,1594018,Ap Ba,VN,16.0544,108.2022,25200,801,Clouds,few clouds,299.15,299.15,299.15,299.15,1011,57,1011,998,10000,3.09,110,20,1768691904,1768732566
2026-01-18T06:52:36.781746,1768719156,1594018,Ap Ba,VN,16.0544,108.2022,25200,801,Clouds,few clouds,298.15,298.3,298.15,298.15,1010,61,1010,997,10000,3.6,110,20,1768691904,1768732566
2026-01-18T07:16:08.906571,1768720568,1594018,Ap Ba,VN,16.0544,108.2022,25200,801,Clouds,few clouds,299.15,299.15,299.15,299.15,1010,57,1010,997,10000,3.6,100,20,1768691904,1768732566
2026-01-18T08:20:54.971571,1768724338,1594018,Ap Ba,VN,16.0544,108.2022,25200,801,Clouds,few clouds,298.15,298.4,298.15,298.15,1010,65,1010,997,10000,4.12,100,20,1768691904,1768732566
2026-01-18T08:47:05.273249,1768726025,1594018,Ap Ba,VN,16.0544,108.2022,25200,801,Clouds,few clouds,299.15,299.15,299.15,299.15,1010,61,1010,997,10000,3.6,110,20,1768691904,1768732566
2026-01-18T09:16:25.515286,1768727785,1594018,Ap Ba,VN,16.0544,108.2022,25200,801,Clouds,few clouds,298.15,298.4,298.15,298.15,1010,65,1010,997,10000,3.6,100,20,1768691904,1768732566
2026-01-18T09:40:31.478835,1768729231,1594018,Ap Ba,VN,16.0544,108.2022,25200,801,Clouds,few clouds,297.15,297.51,297.15,297.15,1010,73,1010,997,10000,3.09,100,20,1768691904,1768732566
2026-01-18T10:16:28.270003,1768731388,1594018,Ap Ba,VN,16.0544,108.2022,25200,801,Clouds,few clouds,297.15,297.51,297.15,297.15,1010,73,1010,997,10000,3.6,100,20,1768691904,1768732566
2026-01-18T10:43:18.675187,1768732998,1594018,Ap Ba,VN,16.0544,108.2022,25200,801,Clouds,few clouds,297.15,297.51,297.15,297.15,1011,73,1011,998,10000,2.57,80,20,1768691904,1768732566
2026-01-18T11:12:58.903192,1768734778,1594018,Ap Ba,VN,16.0544,108.2022,25200,801,Clouds,few clouds,296.15,296.54,296.15,296.15,1010,78,1010,998,10000,2.06,80,20,1768691904,1768732566
2026-01-18T11:36:30.480123,1768736190,1594018,Ap Ba,VN,16.0544,108.2022,25200,801,Clouds,few clouds,296.15,296.54,296.15,296.15,1012,78,1012,999,10000,1.03,0,20,1768691904,1768732566
2026-01-18T12:30:29.779626,1768739429,1594018,Ap Ba,VN,16.0544,108.2022,25200,801,Clouds,few clouds,296.15,296.54,296.15,296.15,1012,78,1012,1000,10000,1.03,0,20,1768691904,1768732566
2026-01-18T13:25:39.266349,1768742739,1594018,Ap Ba,VN,16.0544,108.2022,25200,803,Clouds,broken clouds,296.15,296.67,296.15,296.15,1012,83,1012,1000,10000,0.51,0,75,1768691904,1768732566
2026-01-18T13:45:05.870404,1768743905,1594018,Ap Ba,VN,16.0544,108.2022,25200,802,Clouds,scattered clouds,296.15,296.67,296.15,296.15,1013,83,1013,1000,10000,0.51,0,40,1768691904,1768732566
2026-01-18T14:14:12.515316,1768745652,1594018,Ap Ba,VN,16.0544,108.2022,25200,802,Clouds,scattered clouds,295.15,295.7,295.15,295.15,1013,88,1013,1000,8000,1.03,250,40,1768691904,1768732566
2026-01-18T14:40:24.711374,1768747224,1594018,Ap Ba,VN,16.0544,108.2022,25200,802,Clouds,scattered clouds,295.15,295.7,295.15,295.15,1013,88,1013,1000,7000,1.54,250,40,1768691904,1768732566
2026-01-18T15:14:44.021900,1768749121,1594018,Ap Ba,VN,16.0544,108.2022,25200,801,Clouds,few clouds,294.15,294.76,294.15,294.15,1013,94,1013,1000,7000,1.03,260,20,1768691904,1768732566
2026-01-18T15:39:08.141534,1768750748,1594018,Ap Ba,VN,16.0544,108.2022,25200,801,Clouds,few clouds,295.15,295.57,295.15,295.15,1013,83,1013,999,7000,0.51,0,20,1768691904,1768732566
2026-01-18T16:18:37.185488,1768753117,1594018,Ap Ba,VN,16.0544,108.2022,25200,802,Clouds,scattered clouds,294.15,294.6,294.15,294.15,1013,88,1013,999,7000,0.51,0,40,1768691904,1768732566
2026-01-18T16:45:52.248171,1768754752,1594018,Ap Ba,VN,16.0544,108.2022,25200,802,Clouds,scattered clouds,294.15,294.6,294.15,294.15,1013,88,1013,999,7000,0.51,0,40,1768691904,1768732566
2026-01-18T17:13:35.161658,1768756415,1594018,Ap Ba,VN,16.0544,108.2022,25200,802,Clouds,scattered clouds,294.15,294.6,294.15,294.15,1013,88,1013,999,8000,0,0,40,1768778307,1768819001
2026-01-18T17:40:14.233122,1768758014,1594018,Ap Ba,VN,16.0544,108.2022,25200,802,Clouds,scattered clouds,293.15,293.66,293.15,293.15,1012,94,1012,998,8000,1.03,0,40,1768778307,1768819001
2026-01-18T18:21:21.828424,1768760481,1594018,Ap Ba,VN,16.0544,108.2022,25200,803,Clouds,broken clouds,293.15,293.66,293.15,293.15,1012,94,1012,998,7000,0.51,250,52,1768778307,1768819001
2026-01-18T18:48:10.200582,1768762090,1594018,Ap Ba,VN,16.0544,108.2022,25200,804,Clouds,overcast clouds,293.15,293.66,293.15,293.15,1012,94,1012,998,7000,0,0,94,1768778307,1768819001
2026-01-18T19:11:59.186795,1768763519,1594018,Ap Ba,VN,16.0544,108.2022,25200,800,Clear,clear sky,293.15,293.66,293.15,293.15,1012,94,1012,998,10000,0.51,200,0,1768778307,1768819001
2026-01-18T19:35:29.241908,1768764929,1594018,Ap Ba,VN,16.0544,108.2022,25200,800,Clear,clear sky,293.15,293.66,293.15,293.15,1011,94,1011,998,10000,0.51,200,0,1768778307,1768819001
2026-01-18T20:17:57.713191,1768767477,1594018,Ap Ba,VN,16.0544,108.2022,25200,804,Clouds,overcast clouds,293.15,293.66,293.15,293.15,1011,94,1011,998,7000,0.51,210,97,1768778307,1768819001
2026-01-18T20:41:47.135089,1768768907,1594018,Ap Ba,VN,16.0544,108.2022,25200,701,Mist,mist,292.15,292.72,292.15,292.15,1011,100,1011,998,5000,0.51,210,96,1768778307,1768819001
2026-01-18T21:14:21.099437,1768770861,1594018,Ap Ba,VN,16.0544,108.2022,25200,701,Mist,mist,292.15,292.72,292.15,292.15,1011,100,1011,998,5000,1.03,200,20,1768778307,1768819001
2026-01-18T21:37:41.100310,1768772261,1594018,Ap Ba,VN,16.0544,108.2022,25200,701,Mist,mist,292.15,292.56,292.15,292.15,1011,94,1011,998,5000,1.54,210,20,1768778307,1768819001
2026-01-18T22:15:03.778908,1768774503,1594018,Ap Ba,VN,16.0544,108.2022,25200,701,Mist,mist,292.15,292.56,292.15,292.15,1012,94,1012,998,5000,1.54,210,20,1768778307,1768819001
2026-01-18T22:42:27.164715,1768776147,1594018,Ap Ba,VN,16.0544,108.2022,25200,701,Mist,mist,292.15,292.56,292.15,292.15,1012,94,1012,999,5000,1.03,210,20,1768778307,1768819001
2026-01-18T23:15:15.798753,1768778115,1594018,Ap Ba,VN,16.0544,108.2022,25200,801,Clouds,few clouds,292.15,292.56,292.15,292.15,1012,94,1012,999,6000,1.54,230,20,1768778307,1768819001
2026-01-18T23:39:00.967146,1768779540,1594018,Ap Ba,VN,16.0544,108.2022,25200,801,Clouds,few clouds,292.15,292.56,292.15,292.15,1013,94,1013,1000,8000,1.03,230,20,1768778307,1768819001
2026-01-19T01:22:05.622722,1768785725,1594018,Ap Ba,VN,16.0544,108.2022,25200,800,Clear,clear sky,294.15,294.47,294.15,294.15,1014,83,1014,1001,10000,1.54,230,0,1768778307,1768819001
2026-01-19T03:21:47.303296,1768792907,1594018,Ap Ba,VN,16.0544,108.2022,25200,800,Clear,clear sky,298.15,298.51,298.15,298.15,1014,69,1014,1001,10000,2.57,240,0,1768778307,1768819001
2026-01-19T04:35:30.886154,1768797330,1594018,Ap Ba,VN,16.0544,108.2022,25200,801,Clouds,few clouds,299.15,299.15,299.15,299.15,1013,61,1013,999,10000,2.06,190,20,1768778307,1768819001
2026-01-19T06:30:53.319795,1768804213,1594018,Ap Ba,VN,16.0544,108.2022,25200,801,Clouds,few clouds,300.15,301.3,300.15,300.15,1011,61,1011,997,10000,1.03,0,20,1768778307,1768819001
2026-01-19T07:24:30.689602,1768807470,1594018,Ap Ba,VN,16.0544,108.2022,25200,801,Clouds,few clouds,300.15,301.3,300.15,300.15,1011,61,1011,997,10000,3.6,110,20,1768778307,1768819001
2026-01-19T08:26:13.750557,1768811173,1594018,Ap Ba,VN,16.0544,108.2022,25200,801,Clouds,few clouds,299.15,299.15,299.15,299.15,1010,65,1010,997,10000,3.6,120,20,1768778307,1768819001
2026-01-19T09:29:24.484581,1768814964,1594018,Ap Ba,VN,16.0544,108.2022,25200,801,Clouds,few clouds,299.15,299.15,299.15,299.15,1010,61,1010,997,10000,3.09,100,20,1768778307,1768819001
2026-01-19T10:22:28.716679,1768818148,1594018,Ap Ba,VN,16.0544,108.2022,25200,800,Clear,clear sky,298.15,298.4,298.15,298.15,1011,65,1011,998,10000,2.57,100,0,1768778307,1768819001
2026-01-19T11:18:07.077328,1768821487,1594018,Ap Ba,VN,16.0544,108.2022,25200,800,Clear,clear sky,297.15,297.64,297.15,297.15,1011,78,1011,998,10000,3.6,100,0,1768778307,1768819001
2026-01-19T12:38:04.505137,1768826284,1594018,Ap Ba,VN,16.0544,108.2022,25200,800,Clear,clear sky,297.15,297.64,297.15,297.15,1013,78,1013,1000,10000,1.54,100,0,1768778307,1768819001
2026-01-19T13:41:11.127620,1768830071,1594018,Ap Ba,VN,16.0544,108.2022,25200,800,Clear,clear sky,296.15,296.67,296.15,296.15,1013,83,1013,1000,10000,1.03,250,0,1768778307,1768819001
2026-01-19T14:22:23.242646,1768832543,1594018,Ap Ba,VN,16.0544,108.2022,25200,800,Clear,clear sky,295.15,295.7,295.15,295.15,1014,88,1014,1000,10000,0.51,250,0,1768778307,1768819001
2026-01-19T15:21:03.383181,1768836063,1594018,Ap Ba,VN,16.0544,108.2022,25200,801,Clouds,few clouds,294.15,294.76,294.15,294.15,1014,94,1014,1000,8000,1.54,230,20,1768778307,1768819001
2026-01-19T16:22:29.464655,1768839749,1594018,Ap Ba,VN,16.0544,108.2022,25200,802,Clouds,scattered clouds,294.15,294.76,294.15,294.15,1014,94,1014,1000,8000,0.51,0,40,1768778307,1768819001
2026-01-19T17:19:48.818236,1768843188,1594018,Ap Ba,VN,16.0544,108.2022,25200,802,Clouds,scattered clouds,294.15,294.6,294.15,294.15,1014,88,1014,1000,8000,1.03,240,40,1768864709,1768905436
2026-01-19T18:24:39.631699,1768847079,1594018,Ap Ba,VN,16.0544,108.2022,25200,801,Clouds,few clouds,293.15,293.66,293.15,293.15,1013,94,1013,999,8000,0,0,20,1768864709,1768905436
2026-01-19T19:16:01.843569,1768850161,1594018,Ap Ba,VN,16.0544,108.2022,25200,801,Clouds,few clouds,293.15,293.66,293.15,293.15,1013,94,1013,999,8000,0,0,20,1768864709,1768905436
2026-01-19T20:18:32.284669,1768853912,1594018,Ap Ba,VN,16.0544,108.2022,25200,801,Clouds,few clouds,292.15,292.56,292.15,292.15,1012,94,1012,998,8000,1.54,210,20,1768864709,1768905436
2026-01-19T21:15:21.438078,1768857321,1594018,Ap Ba,VN,16.0544,108.2022,25200,801,Clouds,few clouds,292.15,292.4,292.15,292.15,1012,88,1012,999,8000,2.06,230,20,1768864709,1768905436
2026-01-19T22:16:36.461783,1768860996,1594018,Ap Ba,VN,16.0544,108.2022,25200,801,Clouds,few clouds,292.15,292.56,292.15,292.15,1012,94,1012,999,8000,0,0,20,1768864709,1768905436
2026-01-19T23:16:00.209822,1768864560,1594018,Ap Ba,VN,16.0544,108.2022,25200,801,Clouds,few clouds,292.15,292.56,292.15,292.15,1013,94,1013,1000,8000,0,0,20,1768864709,1768905436
2026-01-20T01:16:17.834947,1768871777,1594018,Ap Ba,VN,16.0544,108.2022,25200,801,Clouds,few clouds,294.15,294.47,294.15,294.15,1015,83,1015,1002,10000,0,0,20,1768864709,1768905436
2026-01-20T03:29:46.098916,1768879786,1594018,Ap Ba,VN,16.0544,108.2022,25200,801,Clouds,few clouds,298.15,298.51,298.15,298.15,1016,69,1016,1003,10000,2.06,210,20,1768864709,1768905436
2026-01-20T04:40:29.883231,1768884029,1594018,Ap Ba,VN,16.0544,108.2022,25200,802,Clouds,scattered clouds,299.15,299.15,299.15,299.15,1015,61,1015,1002,10000,3.09,110,40,1768864709,1768905436
2026-01-20T05:24:45.786164,1768886685,1594018,Ap Ba,VN,16.0544,108.2022,25200,801,Clouds,few clouds,299.15,299.15,299.15,299.15,1015,65,1015,1002,10000,3.09,120,20,1768864709,1768905436
2026-01-20T06:28:27.706255,1768890507,1594018,Ap Ba,VN,16.0544,108.2022,25200,801,Clouds,few clouds,299.15,299.15,299.15,299.15,1014,65,1014,1001,10000,3.6,110,20,1768864709,1768905436
2026-01-20T07:23:20.538836,1768893800,1594018,Ap Ba,VN,16.0544,108.2022,25200,801,Clouds,few clouds,299.15,299.15,299.15,299.15,1014,61,1014,1000,10000,4.12,100,20,1768864709,1768905436
2026-01-20T08:24:55.679377,1768897495,1594018,Ap Ba,VN,16.0544,108.2022,25200,801,Clouds,few clouds,299.15,299.15,299.15,299.15,1014,65,1014,1000,10000,4.12,110,20,1768864709,1768905436
2026-01-20T09:28:20.205848,1768901300,1594018,Ap Ba,VN,16.0544,108.2022,25200,802,Clouds,scattered clouds,298.15,298.51,298.15,298.15,1014,69,1014,1000,10000,4.12,110,40,1768864709,1768905436
2026-01-20T10:21:57.762440,1768904517,1594018,Ap Ba,VN,16.0544,108.2022,25200,802,Clouds,scattered clouds,297.15,297.64,297.15,297.15,1014,78,1014,1000,10000,3.09,110,40,1768864709,1768905436
2026-01-20T11:20:01.862318,1768908001,1594018,Ap Ba,VN,16.0544,108.2022,25200,801,Clouds,few clouds,297.15,297.51,297.15,297.15,1014,73,1014,1001,10000,1.54,120,20,1768864709,1768905436
2026-01-20T12:37:43.691753,1768912663,1594018,Ap Ba,VN,16.0544,108.2022,25200,801,Clouds,few clouds,297.15,297.64,297.15,297.15,1016,78,1016,1003,10000,1.03,0,20,1768864709,1768905436
2026-01-20T13:42:13.280289,1768916533,1594018,Ap Ba,VN,16.0544,108.2022,25200,801,Clouds,few clouds,296.15,296.54,296.15,296.15,1016,78,1016,1003,10000,1.54,110,20,1768864709,1768905436
2026-01-20T14:25:56.504956,1768919156,1594018,Ap Ba,VN,16.0544,108.2022,25200,802,Clouds,scattered clouds,296.15,296.54,296.15,296.15,1016,78,1016,1003,10000,1.54,240,40,1768864709,1768905436
2026-01-20T15:25:38.205484,1768922738,1594018,Ap Ba,VN,16.0544,108.2022,25200,802,Clouds,scattered clouds,295.15,295.7,295.15,295.15,1016,88,1016,1003,10000,1.03,240,40,1768864709,1768905436
2026-01-20T16:28:34.911348,1768926514,1594018,Ap Ba,VN,16.0544,108.2022,25200,802,Clouds,scattered clouds,294.15,294.76,294.15,294.15,1016,94,1016,1003,7000,0.51,0,40,1768864709,1768905436
2026-01-20T17:24:34.367038,1768929874,1594018,Ap Ba,VN,16.0544,108.2022,25200,801,Clouds,few clouds,294.15,294.76,294.15,294.15,1016,94,1016,1003,7000,1.03,0,20,1768951111,1768991871
2026-01-20T18:28:24.288079,1768933704,1594018,Ap Ba,VN,16.0544,108.2022,25200,801,Clouds,few clouds,294.15,294.6,294.15,294.15,1016,88,1016,1002,8000,1.03,250,20,1768951111,1768991871
2026-01-20T20:08:13.436643,1768939693,1594018,Ap Ba,VN,16.0544,108.2022,25200,803,Clouds,broken clouds,293.15,293.66,293.15,293.15,1015,94,1015,1002,8000,0.51,230,75,1768951111,1768991871
2026-01-20T21:16:10.766851,1768943770,1594018,Ap Ba,VN,16.0544,108.2022,25200,803,Clouds,broken clouds,293.15,293.66,293.15,293.15,1015,94,1015,1002,8000,0,0,75,1768951111,1768991871
2026-01-20T22:17:41.557330,1768947461,1594018,Ap Ba,VN,16.0544,108.2022,25200,500,Rain,light rain,294.15,294.6,294.15,294.15,1015,88,1015,1002,8000,0.51,260,75,1768951111,1768991871
2026-01-20T23:16:59.476975,1768951019,1594018,Ap Ba,VN,16.0544,108.2022,25200,803,Clouds,broken clouds,293.15,293.66,293.15,293.15,1016,94,1016,1003,8000,0.51,0,75,1768951111,1768991871
2026-01-21T01:18:33.692514,1768958313,1594018,Ap Ba,VN,16.0544,108.2022,25200,802,Clouds,scattered clouds,294.15,294.76,294.15,294.15,1018,94,1018,1005,7000,1.03,240,40,1768951111,1768991871
2026-01-21T03:29:17.444985,1768966157,1594018,Ap Ba,VN,16.0544,108.2022,25200,803,Clouds,broken clouds,297.15,297.51,297.15,297.15,1019,73,1019,1006,10000,0.51,0,75,1768951111,1768991871
2026-01-21T04:39:48.670554,1768970388,1594018,Ap Ba,VN,16.0544,108.2022,25200,802,Clouds,scattered clouds,299.15,299.15,299.15,299.15,1018,61,1018,1004,10000,2.57,100,40,1768951111,1768991871
2026-01-21T05:24:55.313791,1768972831,1594018,Ap Ba,VN,16.0544,108.2022,25200,802,Clouds,scattered clouds,299.15,299.15,299.15,299.15,1019,61,1019,1004,10000,4.63,90,40,1768951111,1768991871
2026-01-21T06:28:20.061956,1768976900,1594018,Ap Ba,VN,16.0544,108.2022,25200,801,Clouds,few clouds,298.15,298.4,298.15,298.15,1017,65,1017,1004,10000,4.12,90,20,1768951111,1768991871
2026-01-21T07:23:40.684909,1768980220,1594018,Ap Ba,VN,16.0544,108.2022,25200,802,Clouds,scattered clouds,297.15,297.41,297.15,297.15,1016,69,1016,1003,10000,5.14,90,40,1768951111,1768991871
2026-01-21T08:25:03.955813,1768983903,1594018,Ap Ba,VN,16.0544,108.2022,25200,802,Clouds,scattered clouds,298.15,298.4,298.15,298.15,1016,65,1016,1003,10000,4.12,100,40,1768951111,1768991871
2026-01-21T09:27:59.366796,1768987679,1594018,Ap Ba,VN,16.0544,108.2022,25200,803,Clouds,broken clouds,296.15,296.54,296.15,296.15,1016,78,1016,1003,6000,3.6,80,75,1768951111,1768991871
2026-01-21T10:22:14.510139,1768990934,1594018,Ap Ba,VN,16.0544,108.2022,25200,803,Clouds,broken clouds,296.15,296.41,296.15,296.15,1016,73,1016,1003,8000,3.09,100,75,1768951111,1768991871
2026-01-21T11:20:05.110271,1768994405,1594018,Ap Ba,VN,16.0544,108.2022,25200,802,Clouds,scattered clouds,296.15,296.28,296.15,296.15,1016,68,1016,1003,10000,2.06,90,40,1768951111,1768991871
2026-01-21T12:37:41.606310,1768999061,1594018,Ap Ba,VN,16.0544,108.2022,25200,803,Clouds,broken clouds,296.15,296.41,296.15,296.15,1018,73,1018,1005,10000,3.09,110,75,1768951111,1768991871
2026-01-21T13:41:12.250024,1769002872,1594018,Ap Ba,VN,16.0544,108.2022,25200,802,Clouds,scattered clouds,296.15,296.41,296.15,296.15,1019,73,1019,1005,10000,1.03,110,40,1768951111,1768991871
2026-01-21T14:25:26.657521,1769005526,1594018,Ap Ba,VN,16.0544,108.2022,25200,802,Clouds,scattered clouds,296.15,296.41,296.15,296.15,1018,73,1018,1005,10000,1.03,0,40,1768951111,1768991871
2026-01-21T15:26:09.962427,1769009169,1594018,Ap Ba,VN,16.0544,108.2022,25200,802,Clouds,scattered clouds,294.15,294.6,294.15,294.15,1018,88,1018,1005,8000,0.51,0,40,1768951111,1768991871
2026-01-21T16:35:04.669581,1769013304,1594018,Ap Ba,VN,16.0544,108.2022,25200,701,Mist,mist,294.15,294.6,294.15,294.15,1018,88,1018,1005,5000,0.51,0,40,1768951111,1768991871
2026-01-21T17:50:11.526268,1769017811,1594018,Ap Ba,VN,16.0544,108.2022,25200,802,Clouds,scattered clouds,293.15,293.66,293.15,293.15,1018,94,1018,1004,6000,1.03,0,40,1769037511,1769078305
2026-01-21T18:35:35.026728,1769020535,1594018,Ap Ba,VN,16.0544,108.2022,25200,802,Clouds,scattered clouds,294.15,294.47,294.15,294.15,1018,83,1018,1004,6000,0.51,0,40,1769037511,1769078305
2026-01-21T19:22:02.658108,1769023322,1594018,Ap Ba,VN,16.0544,108.2022,25200,802,Clouds,scattered clouds,294.15,294.47,294.15,294.15,1018,83,1018,1004,6000,0.51,200,40,1769037511,1769078305
2026-01-21T20:24:55.368106,1769027095,1594018,Ap Ba,VN,16.0544,108.2022,25200,802,Clouds,scattered clouds,293.15,293.5,293.15,293.15,1017,88,1017,1004,6000,0,0,40,1769037511,1769078305
2026-01-21T21:27:00.145954,1769030820,1594018,Ap Ba,VN,16.0544,108.2022,25200,803,Clouds,broken clouds,293.15,293.5,293.15,293.15,1017,88,1017,1004,7000,1.03,340,75,1769037511,1769078305
2026-01-21T22:19:34.368247,1769033974,1594018,Ap Ba,VN,16.0544,108.2022,25200,803,Clouds,broken clouds,293.15,293.5,293.15,293.15,1018,88,1018,1004,6000,1.54,180,75,1769037511,1769078305
2026-01-22T01:18:45.526772,1769044516,1594018,Ap Ba,VN,16.0544,108.2022,25200,802,Clouds,scattered clouds,294.15,294.47,294.15,294.15,1020,83,1020,1007,10000,1.03,0,40,1769037511,1769078305
2026-01-22T03:43:10.311092,1769053390,1594018,Ap Ba,VN,16.0544,108.2022,25200,802,Clouds,scattered clouds,297.15,297.51,297.15,297.15,1021,73,1021,1007,10000,4.63,80,40,1769037511,1769078305
2026-01-22T04:43:14.699321,1769056994,1594018,Ap Ba,VN,16.0544,108.2022,25200,802,Clouds,scattered clouds,298.15,298.4,298.15,298.15,1020,65,1020,1006,10000,4.63,90,40,1769037511,1769078305
2026-01-22T05:23:58.128594,1769059438,1594018,Ap Ba,VN,16.0544,108.2022,25200,802,Clouds,scattered clouds,298.15,298.51,298.15,298.15,1020,69,1020,1006,10000,4.63,90,40,1769037511,1769078305
2026-01-22T06:27:00.775383,1769063220,1594018,Ap Ba,VN,16.0544,108.2022,25200,802,Clouds,scattered clouds,297.15,297.41,297.15,297.15,1019,69,1019,1005,10000,5.14,80,40,1769037511,1769078305
2026-01-22T07:22:51.051956,1769066571,1594018,Ap Ba,VN,16.0544,108.2022,25200,803,Clouds,broken clouds,298.15,298.4,298.15,298.15,1019,65,1019,1004,10000,4.63,70,75,1769037511,1769078305
2026-01-22T08:24:33.218702,1769070273,1594018,Ap Ba,VN,16.0544,108.2022,25200,803,Clouds,broken clouds,297.15,297.41,297.15,297.15,1018,69,1018,1004,10000,4.63,90,75,1769037511,1769078305
2026-01-22T09:27:50.678476,1769074070,1594018,Ap Ba,VN,16.0544,108.2022,25200,803,Clouds,broken clouds,297.15,297.41,297.15,297.15,1018,69,1018,1004,10000,3.6,80,75,1769037511,1769078305
2026-01-22T10:21:55.806272,1769077315,1594018,Ap Ba,VN,16.0544,108.2022,25200,803,Clouds,broken clouds,296.15,296.41,296.15,296.15,1018,73,1018,1005,10000,3.6,70,75,1769037511,1769078305
2026-01-22T11:19:16.825511,1769080756,1594018,Ap Ba,VN,16.0544,108.2022,25200,803,Clouds,broken clouds,296.15,296.54,296.15,296.15,1019,78,1019,1005,10000,2.57,70,75,1769037511,1769078305
2026-01-22T12:37:14.486110,1769085434,1594018,Ap Ba,VN,16.0544,108.2022,25200,800,Clear,clear sky,296.15,296.41,296.15,296.15,1020,73,1020,1007,10000,2.06,70,0,1769037511,1769078305
2026-01-22T13:42:24.618656,1769089344,1594018,Ap Ba,VN,16.0544,108.2022,25200,801,Clouds,few clouds,296.15,296.41,296.15,296.15,1020,73,1020,1007,10000,2.06,60,20,1769037511,1769078305
2026-01-22T14:26:52.496540,1769092012,1594018,Ap Ba,VN,16.0544,108.2022,25200,801,Clouds,few clouds,296.15,296.41,296.15,296.15,1020,73,1020,1007,10000,1.03,50,20,1769037511,1769078305
2026-01-22T15:25:09.297743,1769095509,1594018,Ap Ba,VN,16.0544,108.2022,25200,802,Clouds,scattered clouds,295.15,295.57,295.15,295.15,1020,83,1020,1007,10000,0.51,0,40,1769037511,1769078305
2026-01-22T16:28:12.199948,1769099292,1594018,Ap Ba,VN,16.0544,108.2022,25200,803,Clouds,broken clouds,295.15,295.57,295.15,295.15,1020,83,1020,1007,10000,2.06,90,75,1769037511,1769078305
2026-01-22T17:24:21.998702,1769102661,1594018,Ap Ba,VN,16.0544,108.2022,25200,803,Clouds,broken clouds,296.15,296.54,296.15,296.15,1020,78,1020,1007,10000,3.09,80,75,1769123909,1769164739
2026-01-22T18:24:35.014519,1769106274,1594018,Ap Ba,VN,16.0544,108.2022,25200,803,Clouds,broken clouds,296.15,296.41,296.15,296.15,1020,73,1020,1006,10000,4.12,80,75,1769123909,1769164739
2026-01-22T19:20:47.414553,1769109647,1594018,Ap Ba,VN,16.0544,108.2022,25200,803,Clouds,broken clouds,295.15,295.44,295.15,295.15,1019,78,1019,1006,10000,2.57,80,75,1769123909,1769164739
2026-01-22T20:20:44.018944,1769113244,1594018,Ap Ba,VN,16.0544,108.2022,25200,802,Clouds,scattered clouds,296.15,296.41,296.15,296.15,1019,73,1019,1005,10000,2.06,50,40,1769123909,1769164739
2026-01-22T21:18:11.722020,1769116691,1594018,Ap Ba,VN,16.0544,108.2022,25200,500,Rain,light rain,295.15,295.44,295.15,295.15,1019,78,1019,1006,10000,3.6,110,75,1769123909,1769164739
2026-01-22T22:17:40.592909,1769120260,1594018,Ap Ba,VN,16.0544,108.2022,25200,803,Clouds,broken clouds,295.15,295.44,295.15,295.15,1019,78,1019,1006,10000,3.09,60,75,1769123909,1769164739
2026-01-22T23:16:33.494597,1769123793,1594018,Ap Ba,VN,16.0544,108.2022,25200,803,Clouds,broken clouds,295.15,295.44,295.15,295.15,1020,78,1020,1007,10000,3.09,60,75,1769123909,1769164739
2026-01-23T01:16:58.404319,1769131018,1594018,Ap Ba,VN,16.0544,108.2022,25200,803,Clouds,broken clouds,296.15,296.41,296.15,296.15,1022,73,1022,1008,10000,3.6,80,75,1769123909,1769164739
2026-01-23T03:28:52.109674,1769138932,1594018,Ap Ba,VN,16.0544,108.2022,25200,803,Clouds,broken clouds,298.15,298.4,298.15,298.15,1022,65,1022,1009,10000,5.14,80,75,1769123909,1769164739
2026-01-23T04:37:53.082816,1769143073,1594018,Ap Ba,VN,16.0544,108.2022,25200,802,Clouds,scattered clouds,297.15,297.51,297.15,297.15,1022,73,1022,1008,10000,5.14,90,40,1769123909,1769164739
2026-01-23T05:23:23.088474,1769145803,1594018,Ap Ba,VN,16.0544,108.2022,25200,803,Clouds,broken clouds,297.15,297.51,297.15,297.15,1021,73,1021,1008,10000,4.63,90,75,1769123909,1769164739
2026-01-23T06:27:14.632927,1769149421,1594018,Ap Ba,VN,16.0544,108.2022,25200,802,Clouds,scattered clouds,297.15,297.51,297.15,297.15,1020,73,1020,1006,10000,6.17,80,40,1769123909,1769164739
2026-01-23T07:21:08.785584,1769152622,1594018,Ap Ba,VN,16.0544,108.2022,25200,803,Clouds,broken clouds,297.15,297.51,297.15,297.15,1019,73,1019,1006,10000,5.66,60,75,1769123909,1769164739
2026-01-23T08:23:16.287496,1769156596,1594018,Ap Ba,VN,16.0544,108.2022,25200,803,Clouds,broken clouds,297.15,297.41,297.15,297.15,1019,69,1019,1005,10000,5.14,70,75,1769123909,1769164739
2026-01-23T09:25:04.244061,1769160304,1594018,Ap Ba,VN,16.0544,108.2022,25200,803,Clouds,broken clouds,296.15,296.41,296.15,296.15,1019,73,1019,1005,10000,4.12,70,75,1769123909,1769164739
2026-01-23T10:19:21.735547,1769163561,1594018,Ap Ba,VN,16.0544,108.2022,25200,803,Clouds,broken clouds,296.15,296.41,296.15,296.15,1019,73,1019,1005,10000,3.6,70,75,1769123909,1769164739
2026-01-23T11:16:39.882703,1769166999,1594018,Ap Ba,VN,16.0544,108.2022,25200,803,Clouds,broken clouds,296.15,296.41,296.15,296.15,1019,73,1019,1006,10000,3.09,60,75,1769123909,1769164739
2026-01-23T12:36:00.089179,1769171760,1594018,Ap Ba,VN,16.0544,108.2022,25200,803,Clouds,broken clouds,295.15,295.57,295.15,295.15,1020,83,1020,1007,8000,3.09,60,75,1769123909,1769164739
2026-01-23T13:38:44.469647,1769175524,1594018,Ap Ba,VN,16.0544,108.2022,25200,803,Clouds,broken clouds,296.15,296.41,296.15,296.15,1021,73,1021,1008,10000,3.09,70,75,1769123909,1769164739
2026-01-23T14:20:38.599303,1769178038,1594018,Ap Ba,VN,16.0544,108.2022,25200,803,Clouds,broken clouds,296.15,296.41,296.15,296.15,1020,73,1020,1008,10000,3.09,70,75,1769123909,1769164739
2026-01-23T15:20:25.147193,1769181625,1594018,Ap Ba,VN,16.0544,108.2022,25200,803,Clouds,broken clouds,296.15,296.41,296.15,296.15,1020,73,1020,1008,10000,3.09,60,75,1769123909,1769164739
2026-01-23T16:23:15.511589,1769185395,1594018,Ap Ba,VN,16.0544,108.2022,25200,803,Clouds,broken clouds,296.15,296.41,296.15,296.15,1020,73,1020,1007,10000,3.6,70,75,1769123909,1769164739
2026-01-23T17:22:19.301234,1769188939,1594018,Ap Ba,VN,16.0544,108.2022,25200,803,Clouds,broken clouds,296.15,296.28,296.15,296.15,1020,68,1020,1007,10000,3.09,60,75,1769210307,1769251173
2026-01-23T18:25:47.488545,1769192747,1594018,Ap Ba,VN,16.0544,108.2022,25200,803,Clouds,broken clouds,296.15,296.41,296.15,296.15,1020,73,1020,1006,10000,2.06,70,75,1769210307,1769251173
2026-01-23T19:20:40.706800,1769196040,1594018,Ap Ba,VN,16.0544,108.2022,25200,803,Clouds,broken clouds,296.15,296.28,296.15,296.15,1019,68,1019,1006,10000,3.09,70,75,1769210307,1769251173
2026-01-23T20:19:42.118662,1769199582,1594018,Ap Ba,VN,16.0544,108.2022,25200,803,Clouds,broken clouds,296.15,296.28,296.15,296.15,1019,68,1019,1005,10000,2.57,70,75,1769210307,1769251173
2026-01-23T21:16:32.232661,1769202992,1594018,Ap Ba,VN,16.0544,108.2022,25200,803,Clouds,broken clouds,295.15,295.31,295.15,295.15,1019,73,1019,1005,10000,2.57,60,75,1769210307,1769251173
2026-01-23T22:14:02.902549,1769206442,1594018,Ap Ba,VN,16.0544,108.2022,25200,500,Rain,light rain,295.15,295.31,295.15,295.15,1019,73,1019,1006,10000,2.57,70,75,1769210307,1769251173
2026-01-23T23:16:49.272800,1769210209,1594018,Ap Ba,VN,16.0544,108.2022,25200,803,Clouds,broken clouds,294.15,294.47,294.15,294.15,1020,83,1020,1006,8000,2.06,60,75,1769210307,1769251173
2026-01-24T01:14:41.079488,1769217281,1594018,Ap Ba,VN,16.0544,108.2022,25200,803,Clouds,broken clouds,294.15,294.6,294.15,294.15,1021,88,1021,1008,8000,0.51,0,75,1769210307,1769251173
2026-01-24T03:22:43.818437,1769224963,1594018,Ap Ba,VN,16.0544,108.2022,25200,803,Clouds,broken clouds,296.15,296.54,296.15,296.15,1022,78,1022,1009,10000,1.03,0,75,1769210307,1769251173
2026-01-24T04:31:35.281545,1769229095,1594018,Ap Ba,VN,16.0544,108.2022,25200,803,Clouds,broken clouds,295.15,295.44,295.15,295.15,1021,78,1021,1008,10000,1.54,230,75,1769210307,1769251173
2026-01-24T05:17:16.167064,1769231836,1594018,Ap Ba,VN,16.0544,108.2022,25200,803,Clouds,broken clouds,296.15,296.41,296.15,296.15,1021,73,1021,1008,10000,1.03,0,75,1769210307,1769251173
2026-01-24T06:24:27.473531,1769235867,1594018,Ap Ba,VN,16.0544,108.2022,25200,803,Clouds,broken clouds,297.15,297.41,297.15,297.15,1019,69,1019,1007,10000,2.06,50,75,1769210307,1769251173
2026-01-24T07:16:06.519508,1769238966,1594018,Ap Ba,VN,16.0544,108.2022,25200,802,Clouds,scattered clouds,297.15,297.17,297.15,297.15,1019,60,1019,1005,10000,1.03,0,40,1769210307,1769251173
2026-01-24T08:20:33.533974,1769242833,1594018,Ap Ba,VN,16.0544,108.2022,25200,801,Clouds,few clouds,298.15,298.19,298.15,298.15,1018,57,1018,1005,10000,1.54,0,20,1769210307,1769251173
2026-01-24T09:16:02.584710,1769246162,1594018,Ap Ba,VN,16.0544,108.2022,25200,802,Clouds,scattered clouds,297.15,297.28,297.15,297.15,1018,64,1018,1005,10000,2.06,120,40,1769210307,1769251173
2026-01-24T10:16:19.173418,1769249779,1594018,Ap Ba,VN,16.0544,108.2022,25200,802,Clouds,scattered clouds,296.15,296.41,296.15,296.15,1018,73,1018,1005,10000,2.57,90,40,1769210307,1769251173
2026-01-24T11:13:39.869664,1769253219,1594018,Ap Ba,VN,16.0544,108.2022,25200,802,Clouds,scattered clouds,296.15,296.28,296.15,296.15,1018,68,1018,1005,10000,3.09,140,40,1769210307,1769251173
2026-01-24T12:30:38.825025,1769257838,1594018,Ap Ba,VN,16.0544,108.2022,25200,803,Clouds,broken clouds,296.15,296.28,296.15,296.15,1019,68,1019,1006,10000,0.51,0,75,1769210307,1769251173
2026-01-24T13:27:32.651972,1769261252,1594018,Ap Ba,VN,16.0544,108.2022,25200,803,Clouds,broken clouds,295.15,295.44,295.15,295.15,1019,78,1019,1006,10000,1.03,260,75,1769210307,1769251173
2026-01-24T14:15:09.539399,1769264109,1594018,Ap Ba,VN,16.0544,108.2022,25200,803,Clouds,broken clouds,295.15,295.44,295.15,295.15,1019,78,1019,1006,10000,1.03,250,75,1769210307,1769251173
2026-01-24T15:15:10.128494,1769267710,1594018,Ap Ba,VN,16.0544,108.2022,25200,804,Clouds,overcast clouds,295.15,295.57,295.15,295.15,1019,83,1019,1006,8000,0.51,0,100,1769210307,1769251173
2026-01-24T16:18:23.312693,1769271503,1594018,Ap Ba,VN,16.0544,108.2022,25200,804,Clouds,overcast clouds,294.15,294.6,294.15,294.15,1018,88,1018,1006,10000,0.51,130,100,1769210307,1769251173
2026-01-24T17:13:47.388462,1769274827,1594018,Ap Ba,VN,16.0544,108.2022,25200,804,Clouds,overcast clouds,294.15,294.6,294.15,294.15,1018,88,1018,1005,10000,1.54,10,100,1769296704,1769337607
2026-01-24T18:22:49.438890,1769278969,1594018,Ap Ba,VN,16.0544,108.2022,25200,804,Clouds,overcast clouds,294.15,294.6,294.15,294.15,1018,88,1018,1005,9000,1.03,0,100,1769296704,1769337607
2026-01-24T19:12:54.031245,1769281974,1594018,Ap Ba,VN,16.0544,108.2022,25200,804,Clouds,overcast clouds,294.15,294.6,294.15,294.15,1017,88,1017,1004,10000,0.51,0,100,1769296704,1769337607
2026-01-24T20:16:35.979466,1769285795,1594018,Ap Ba,VN,16.0544,108.2022,25200,804,Clouds,overcast clouds,293.15,293.66,293.15,293.15,1017,94,1017,1003,10000,1.03,230,100,1769296704,1769337607
2026-01-24T21:13:47.256452,1769289227,1594018,Ap Ba,VN,16.0544,108.2022,25200,804,Clouds,overcast clouds,292.15,292.56,292.15,292.15,1017,94,1017,1003,10000,1.54,240,100,1769296704,1769337607
2026-01-24T22:15:02.707288,1769292902,1594018,Ap Ba,VN,16.0544,108.2022,25200,803,Clouds,broken clouds,292.15,292.56,292.15,292.15,1017,94,1017,1003,8000,1.03,230,75,1769296704,1769337607
2026-01-24T23:15:21.548889,1769296521,1594018,Ap Ba,VN,16.0544,108.2022,25200,803,Clouds,broken clouds,292.15,292.4,292.15,292.15,1017,88,1017,1004,10000,1.54,230,75,1769296704,1769337607
2026-01-25T01:24:08.540042,1769304248,1594018,Ap Ba,VN,16.0544,108.2022,25200,803,Clouds,broken clouds,292.15,292.4,292.15,292.15,1019,88,1019,1005,10000,1.03,190,75,1769296704,1769337607
2026-01-25T03:49:28.332754,1769312968,1594018,Ap Ba,VN,16.0544,108.2022,25200,803,Clouds,broken clouds,296.15,296.28,296.15,296.15,1019,68,1019,1005,10000,0,0,75,1769296704,1769337607
2026-01-25T04:48:01.983689,1769316481,1594018,Ap Ba,VN,16.0544,108.2022,25200,803,Clouds,broken clouds,298.15,298.4,298.15,298.15,1018,65,1018,1004,10000,1.03,0,75,1769296704,1769337607
2026-01-25T05:24:28.843763,1769318668,1594018,Ap Ba,VN,16.0544,108.2022,25200,803,Clouds,broken clouds,298.15,298.3,298.15,298.15,1018,61,1018,1004,10000,1.54,150,75,1769296704,1769337607
2026-01-25T07:18:05.096930,1769325485,1594018,Ap Ba,VN,16.0544,108.2022,25200,803,Clouds,broken clouds,298.15,298.3,298.15,298.15,1016,61,1016,1002,10000,3.09,110,75,1769296704,1769337607
2026-01-25T08:20:55.779887,1769329255,1594018,Ap Ba,VN,16.0544,108.2022,25200,801,Clouds,few clouds,298.15,298.3,298.15,298.15,1016,61,1016,1002,10000,3.6,120,20,1769296704,1769337607
2026-01-25T09:16:52.993511,1769332612,1594018,Ap Ba,VN,16.0544,108.2022,25200,801,Clouds,few clouds,297.15,297.41,297.15,297.15,1016,69,1016,1002,10000,4.12,120,20,1769296704,1769337607
2026-01-25T10:16:56.965693,1769336216,1594018,Ap Ba,VN,16.0544,108.2022,25200,801,Clouds,few clouds,296.15,296.41,296.15,296.15,1016,73,1016,1002,10000,3.09,120,20,1769296704,1769337607
2026-01-25T11:13:34.577577,1769339614,1594018,Ap Ba,VN,16.0544,108.2022,25200,801,Clouds,few clouds,296.15,296.41,296.15,296.15,1016,73,1016,1003,8000,2.06,120,20,1769296704,1769337607
2026-01-25T12:31:50.986800,1769344310,1594018,Ap Ba,VN,16.0544,108.2022,25200,802,Clouds,scattered clouds,296.15,296.41,296.15,296.15,1018,73,1018,1004,10000,1.03,0,40,1769296704,1769337607
2026-01-25T13:28:52.185546,1769347732,1594018,Ap Ba,VN,16.0544,108.2022,25200,802,Clouds,scattered clouds,295.15,295.57,295.15,295.15,1018,83,1018,1004,10000,1.54,250,40,1769296704,1769337607
2026-01-25T14:14:23.371953,1769350463,1594018,Ap Ba,VN,16.0544,108.2022,25200,802,Clouds,scattered clouds,295.15,295.57,295.15,295.15,1018,83,1018,1005,10000,0.51,260,40,1769296704,1769337607
2026-01-25T15:15:10.663802,1769354110,1594018,Ap Ba,VN,16.0544,108.2022,25200,803,Clouds,broken clouds,295.15,295.57,295.15,295.15,1018,83,1018,1005,10000,1.03,0,75,1769296704,1769337607
2026-01-25T16:19:28.215714,1769357968,1594018,Ap Ba,VN,16.0544,108.2022,25200,803,Clouds,broken clouds,295.15,295.44,295.15,295.15,1018,78,1018,1005,10000,0,0,75,1769296704,1769337607
2026-01-25T17:13:52.918089,1769361232,1594018,Ap Ba,VN,16.0544,108.2022,25200,803,Clouds,broken clouds,295.15,295.44,295.15,295.15,1018,78,1018,1005,10000,0.51,0,75,1769383099,1769424040
2026-01-25T18:22:38.677269,1769365358,1594018,Ap Ba,VN,16.0544,108.2022,25200,803,Clouds,broken clouds,295.15,295.44,295.15,295.15,1018,78,1018,1004,10000,0.51,0,75,1769383099,1769424040
2026-01-25T19:13:19.590694,1769368399,1594018,Ap Ba,VN,16.0544,108.2022,25200,803,Clouds,broken clouds,295.15,295.44,295.15,295.15,1017,78,1017,1004,10000,0,0,75,1769383099,1769424040
2026-01-25T20:18:21.793032,1769372301,1594018,Ap Ba,VN,16.0544,108.2022,25200,803,Clouds,broken clouds,295.15,295.57,295.15,295.15,1017,83,1017,1003,10000,1.03,120,75,1769383099,1769424040
2026-01-25T21:14:30.382928,1769375670,1594018,Ap Ba,VN,16.0544,108.2022,25200,803,Clouds,broken clouds,295.15,295.57,295.15,295.15,1017,83,1017,1003,10000,1.54,230,75,1769383099,1769424040
2026-01-25T22:15:20.075980,1769379320,1594018,Ap Ba,VN,16.0544,108.2022,25200,803,Clouds,broken clouds,294.15,294.76,294.15,294.15,1017,94,1017,1003,10000,1.03,180,75,1769383099,1769424040
2026-01-25T23:15:35.363868,1769382935,1594018,Ap Ba,VN,16.0544,108.2022,25200,803,Clouds,broken clouds,294.15,294.6,294.15,294.15,1017,88,1017,1004,10000,1.03,0,75,1769383099,1769424040
2026-01-26T01:22:56.563831,1769390576,1594018,Ap Ba,VN,16.0544,108.2022,25200,803,Clouds,broken clouds,295.15,295.57,295.15,295.15,1019,83,1019,1005,10000,1.03,330,75,1769383099,1769424040
2026-01-26T03:52:15.430693,1769399535,1594018,Ap Ba,VN,16.0544,108.2022,25200,802,Clouds,scattered clouds,297.15,297.51,297.15,297.15,1020,73,1020,1006,10000,3.09,100,40,1769383099,1769424040
2026-01-26T04:51:47.112735,1769403107,1594018,Ap Ba,VN,16.0544,108.2022,25200,802,Clouds,scattered clouds,297.15,297.51,297.15,297.15,1019,73,1019,1005,10000,2.57,70,40,1769383099,1769424040
2026-01-26T05:29:28.439686,1769405368,1594018,Ap Ba,VN,16.0544,108.2022,25200,802,Clouds,scattered clouds,298.15,298.4,298.15,298.15,1018,65,1018,1005,10000,3.6,70,40,1769383099,1769424040
2026-01-26T06:29:41.743399,1769408981,1594018,Ap Ba,VN,16.0544,108.2022,25200,803,Clouds,broken clouds,298.15,298.4,298.15,298.15,1018,65,1018,1004,10000,2.57,70,75,1769383099,1769424040
2026-01-26T07:23:29.670087,1769412209,1594018,Ap Ba,VN,16.0544,108.2022,25200,803,Clouds,broken clouds,297.15,297.51,297.15,297.15,1017,73,1017,1003,10000,3.09,80,75,1769383099,1769424040
2026-01-26T08:25:37.117367,1769415937,1594018,Ap Ba,VN,16.0544,108.2022,25200,803,Clouds,broken clouds,298.15,298.51,298.15,298.15,1016,69,1016,1003,10000,2.57,70,75,1769383099,1769424040
2026-01-26T09:29:12.759664,1769419752,1594018,Ap Ba,VN,16.0544,108.2022,25200,803,Clouds,broken clouds,297.15,297.41,297.15,297.15,1017,69,1017,1003,10000,1.54,70,75,1769383099,1769424040
2026-01-26T10:21:20.892430,1769422880,1594018,Ap Ba,VN,16.0544,108.2022,25200,802,Clouds,scattered clouds,296.15,296.54,296.15,296.15,1017,78,1017,1003,10000,3.6,10,40,1769383099,1769424040
2026-01-26T11:17:20.544215,1769426240,1594018,Ap Ba,VN,16.0544,108.2022,25200,801,Clouds,few clouds,296.15,296.54,296.15,296.15,1018,78,1018,1003,10000,2.57,20,20,1769383099,1769424040
2026-01-26T12:36:33.077249,1769430993,1594018,Ap Ba,VN,16.0544,108.2022,25200,802,Clouds,scattered clouds,296.15,296.67,296.15,296.15,1018,83,1018,1005,10000,1.54,340,40,1769383099,1769424040
2026-01-26T13:40:17.413117,1769434817,1594018,Ap Ba,VN,16.0544,108.2022,25200,803,Clouds,broken clouds,295.15,295.57,295.15,295.15,1019,83,1019,1005,10000,1.54,310,75,1769383099,1769424040
2026-01-26T14:23:42.315750,1769437422,1594018,Ap Ba,VN,16.0544,108.2022,25200,803,Clouds,broken clouds,295.15,295.57,295.15,295.15,1019,83,1019,1005,10000,1.54,320,75,1769383099,1769424040
2026-01-26T15:24:03.705482,1769441043,1594018,Ap Ba,VN,16.0544,108.2022,25200,803,Clouds,broken clouds,295.15,295.44,295.15,295.15,1019,78,1019,1006,10000,1.03,320,75,1769383099,1769424040
2026-01-26T17:25:12.216745,1769448312,1594018,Ap Ba,VN,16.0544,108.2022,25200,803,Clouds,broken clouds,294.15,294.34,294.15,294.15,1018,78,1018,1005,10000,0.51,0,75,1769469494,1769510472
2026-01-26T18:27:38.221725,1769452058,1594018,Ap Ba,VN,16.0544,108.2022,25200,802,Clouds,scattered clouds,293.15,293.5,293.15,293.15,1018,88,1018,1004,10000,0.51,0,40,1769469494,1769510472
2026-01-26T19:19:49.951708,1769455189,1594018,Ap Ba,VN,16.0544,108.2022,25200,803,Clouds,broken clouds,293.15,293.37,293.15,293.15,1017,83,1017,1004,10000,0.51,0,75,1769469494,1769510472
2026-01-26T20:20:27.359297,1769458827,1594018,Ap Ba,VN,16.0544,108.2022,25200,802,Clouds,scattered clouds,293.15,293.5,293.15,293.15,1017,88,1017,1003,10000,1.03,240,40,1769469494,1769510472
2026-01-26T21:18:42.620145,1769462322,1594018,Ap Ba,VN,16.0544,108.2022,25200,803,Clouds,broken clouds,293.15,293.5,293.15,293.15,1017,88,1017,1004,10000,0,0,75,1769469494,1769510472
2026-01-26T22:17:15.737195,1769465835,1594018,Ap Ba,VN,16.0544,108.2022,25200,500,Rain,light rain,294.15,294.47,294.15,294.15,1017,83,1017,1004,5000,0,0,75,1769469494,1769510472
2026-01-26T23:17:25.839417,1769469445,1594018,Ap Ba,VN,16.0544,108.2022,25200,803,Clouds,broken clouds,293.15,293.66,293.15,293.15,1018,94,1018,1004,8000,0.51,0,75,1769469494,1769510472
2026-01-27T01:22:17.048577,1769476937,1594018,Ap Ba,VN,16.0544,108.2022,25200,500,Rain,light rain,293.15,293.66,293.15,293.15,1020,94,1020,1006,6000,1.03,250,75,1769469494,1769510472
2026-01-27T03:43:03.911383,1769485383,1594018,Ap Ba,VN,16.0544,108.2022,25200,803,Clouds,broken clouds,296.15,296.54,296.15,296.15,1020,78,1020,1006,10000,1.03,0,75,1769469494,1769510472
2026-01-27T04:42:17.690068,1769488937,1594018,Ap Ba,VN,16.0544,108.2022,25200,803,Clouds,broken clouds,297.15,297.51,297.15,297.15,1019,73,1019,1006,10000,1.03,0,75,1769469494,1769510472
2026-01-27T05:22:43.417358,1769491363,1594018,Ap Ba,VN,16.0544,108.2022,25200,803,Clouds,broken clouds,298.15,298.51,298.15,298.15,1019,69,1019,1006,10000,0.51,80,75,1769469494,1769510472
2026-01-27T06:27:40.245022,1769495260,1594018,Ap Ba,VN,16.0544,108.2022,25200,803,Clouds,broken clouds,297.15,297.51,297.15,297.15,1018,73,1018,1005,10000,1.54,360,75,1769469494,1769510472
2026-01-27T07:23:22.456121,1769498602,1594018,Ap Ba,VN,16.0544,108.2022,25200,803,Clouds,broken clouds,298.15,298.4,298.15,298.15,1017,65,1017,1004,10000,1.03,0,75,1769469494,1769510472
2026-01-27T08:26:13.711090,1769502373,1594018,Ap Ba,VN,16.0544,108.2022,25200,803,Clouds,broken clouds,298.15,298.4,298.15,298.15,1017,65,1017,1003,10000,2.57,360,75,1769469494,1769510472
2026-01-27T10:21:54.938792,1769509314,1594018,Ap Ba,VN,16.0544,108.2022,25200,803,Clouds,broken clouds,296.15,296.54,296.15,296.15,1018,78,1018,1004,10000,3.09,20,75,1769469494,1769510472
2026-01-27T11:19:10.348499,1769512750,1594018,Ap Ba,VN,16.0544,108.2022,25200,802,Clouds,scattered clouds,295.15,295.57,295.15,295.15,1018,83,1018,1004,10000,2.06,30,40,1769469494,1769510472
2026-01-27T12:36:51.574668,1769517411,1594018,Ap Ba,VN,16.0544,108.2022,25200,801,Clouds,few clouds,295.15,295.7,295.15,295.15,1019,88,1019,1006,10000,1.54,340,20,1769469494,1769510472
2026-01-27T13:42:22.513089,1769521342,1594018,Ap Ba,VN,16.0544,108.2022,25200,801,Clouds,few clouds,294.15,294.6,294.15,294.15,1020,88,1020,1006,10000,1.03,300,20,1769469494,1769510472
2026-01-27T14:25:02.129809,1769523902,1594018,Ap Ba,VN,16.0544,108.2022,25200,801,Clouds,few clouds,294.15,294.6,294.15,294.15,1020,88,1020,1006,8000,1.03,0,20,1769469494,1769510472
2026-01-27T15:26:13.720630,1769527573,1594018,Ap Ba,VN,16.0544,108.2022,25200,802,Clouds,scattered clouds,294.15,294.6,294.15,294.15,1020,88,1020,1006,6000,0,0,40,1769469494,1769510472
2026-01-27T16:23:53.556907,1769531033,1594018,Ap Ba,VN,16.0544,108.2022,25200,802,Clouds,scattered clouds,293.15,293.5,293.15,293.15,1019,88,1019,1006,7000,1.03,0,40,1769469494,1769510472
2026-01-27T17:23:56.353886,1769534636,1594018,Ap Ba,VN,16.0544,108.2022,25200,803,Clouds,broken clouds,293.15,293.5,293.15,293.15,1019,88,1019,1006,8000,0.51,0,75,1769555887,1769596905
2026-01-27T18:31:02.588583,1769538662,1594018,Ap Ba,VN,16.0544,108.2022,25200,803,Clouds,broken clouds,294.15,294.47,294.15,294.15,1018,83,1018,1005,7000,0.51,0,75,1769555887,1769596905
2026-01-27T19:22:32.538977,1769541752,1594018,Ap Ba,VN,16.0544,108.2022,25200,803,Clouds,broken clouds,293.15,293.5,293.15,293.15,1018,88,1018,1005,8000,0.51,0,75,1769555887,1769596905
2026-01-27T20:18:01.614959,1769545081,1594018,Ap Ba,VN,16.0544,108.2022,25200,803,Clouds,broken clouds,293.15,293.5,293.15,293.15,1017,88,1017,1004,8000,0,0,75,1769555887,1769596905
2026-01-27T21:13:45.138122,1769548425,1594018,Ap Ba,VN,16.0544,108.2022,25200,803,Clouds,broken clouds,293.15,293.5,293.15,293.15,1017,88,1017,1004,8000,1.03,250,75,1769555887,1769596905
2026-01-27T22:18:12.437839,1769552292,1594018,Ap Ba,VN,16.0544,108.2022,25200,701,Mist,mist,293.15,293.5,293.15,293.15,1018,88,1018,1005,4500,1.54,330,75,1769555887,1769596905
2026-01-27T23:17:10.093837,1769555830,1594018,Ap Ba,VN,16.0544,108.2022,25200,803,Clouds,broken clouds,293.15,293.5,293.15,293.15,1018,88,1018,1005,7000,0.51,300,75,1769555887,1769596905
2026-01-28T01:18:07.629587,1769563087,1594018,Ap Ba,VN,16.0544,108.2022,25200,802,Clouds,scattered clouds,295.15,295.44,295.15,295.15,1020,78,1020,1007,8000,1.03,0,40,1769555887,1769596905
2026-01-28T03:40:54.965018,1769571654,1594018,Ap Ba,VN,16.0544,108.2022,25200,803,Clouds,broken clouds,297.15,297.51,297.15,297.15,1020,73,1020,1006,10000,3.6,10,75,1769555887,1769596905
2026-01-28T04:39:52.037193,1769575192,1594018,Ap Ba,VN,16.0544,108.2022,25200,803,Clouds,broken clouds,298.15,298.51,298.15,298.15,1019,69,1019,1006,10000,2.06,20,75,1769555887,1769596905
2026-01-28T05:23:46.005966,1769577825,1594018,Ap Ba,VN,16.0544,108.2022,25200,803,Clouds,broken clouds,298.15,298.4,298.15,298.15,1019,65,1019,1006,10000,1.54,80,75,1769555887,1769596905
2026-01-28T06:28:53.338657,1769581733,1594018,Ap Ba,VN,16.0544,108.2022,25200,803,Clouds,broken clouds,297.15,297.51,297.15,297.15,1018,73,1018,1004,10000,3.6,10,75,1769555887,1769596905
2026-01-28T07:21:30.410252,1769584778,1594018,Ap Ba,VN,16.0544,108.2022,25200,803,Clouds,broken clouds,297.15,297.51,297.15,297.15,1017,73,1017,1004,10000,0,0,75,1769555887,1769596905
2026-01-28T08:25:02.891130,1769588702,1594018,Ap Ba,VN,16.0544,108.2022,25200,803,Clouds,broken clouds,297.15,297.41,297.15,297.15,1017,69,1017,1003,10000,4.12,90,75,1769555887,1769596905
2026-01-28T09:29:28.713514,1769592568,1594018,Ap Ba,VN,16.0544,108.2022,25200,802,Clouds,scattered clouds,297.15,297.41,297.15,297.15,1017,69,1017,1004,10000,2.57,90,40,1769555887,1769596905
2026-01-28T10:23:00.612322,1769595780,1594018,Ap Ba,VN,16.0544,108.2022,25200,803,Clouds,broken clouds,296.15,296.28,296.15,296.15,1017,68,1017,1004,10000,2.06,130,75,1769555887,1769596905
2026-01-28T11:19:32.661876,1769599172,1594018,Ap Ba,VN,16.0544,108.2022,25200,803,Clouds,broken clouds,296.15,296.41,296.15,296.15,1017,73,1017,1004,10000,0.51,0,75,1769555887,1769596905
2026-01-28T12:37:24.462078,1769603844,1594018,Ap Ba,VN,16.0544,108.2022,25200,803,Clouds,broken clouds,296.15,296.41,296.15,296.15,1018,73,1018,1005,8000,0,0,75,1769555887,1769596905
2026-01-28T13:43:33.414493,1769607813,1594018,Ap Ba,VN,16.0544,108.2022,25200,803,Clouds,broken clouds,295.15,295.57,295.15,295.15,1018,83,1018,1005,10000,0.51,0,75,1769555887,1769596905
2026-01-28T14:24:52.324070,1769610292,1594018,Ap Ba,VN,16.0544,108.2022,25200,803,Clouds,broken clouds,295.15,295.57,295.15,295.15,1019,83,1019,1005,10000,0.51,0,75,1769555887,1769596905
2026-01-28T15:27:07.474275,1769614027,1594018,Ap Ba,VN,16.0544,108.2022,25200,803,Clouds,broken clouds,295.15,295.57,295.15,295.15,1019,83,1019,1005,6000,2.06,0,75,1769555887,1769596905
2026-01-28T16:29:48.808206,1769617788,1594018,Ap Ba,VN,16.0544,108.2022,25200,803,Clouds,broken clouds,295.15,295.7,295.15,295.15,1018,88,1018,1005,8000,0.51,0,75,1769555887,1769596905
2026-01-28T17:28:03.576572,1769621283,1594018,Ap Ba,VN,16.0544,108.2022,25200,803,Clouds,broken clouds,294.15,294.76,294.15,294.15,1018,94,1018,1005,8000,1.03,0,75,1769642279,1769683337
2026-01-28T18:30:32.375274,1769625032,1594018,Ap Ba,VN,16.0544,108.2022,25200,701,Mist,mist,294.15,294.76,294.15,294.15,1017,94,1017,1004,4500,1.03,0,75,1769642279,1769683337
2026-01-28T19:22:57.679428,1769628177,1594018,Ap Ba,VN,16.0544,108.2022,25200,701,Mist,mist,294.15,294.76,294.15,294.15,1017,94,1017,1004,4500,0,0,75,1769642279,1769683337
2026-01-28T20:23:10.747097,1769631790,1594018,Ap Ba,VN,16.0544,108.2022,25200,803,Clouds,broken clouds,293.15,293.66,293.15,293.15,1017,94,1017,1003,6000,1.03,0,75,1769642279,1769683337
2026-01-28T21:25:02.039035,1769635212,1594018,Ap Ba,VN,16.0544,108.2022,25200,802,Clouds,scattered clouds,293.15,293.66,293.15,293.15,1017,94,1017,1003,8000,1.03,0,40,1769642279,1769683337
2026-01-28T22:21:20.451245,1769638880,1594018,Ap Ba,VN,16.0544,108.2022,25200,803,Clouds,broken clouds,293.15,293.82,293.15,293.15,1017,100,1017,1004,8000,0.51,210,75,1769642279,1769683337
2026-01-29T01:27:47.428855,1769650067,1594018,Ap Ba,VN,16.0544,108.2022,25200,500,Rain,light rain,293.15,293.82,293.15,293.15,1019,100,1019,1005,4500,1.54,310,75,1769642279,1769683337
2026-01-29T04:03:22.024973,1769659401,1594018,Ap Ba,VN,16.0544,108.2022,25200,803,Clouds,broken clouds,295.15,295.57,295.15,295.15,1020,83,1020,1005,10000,1.03,210,75,1769642279,1769683337
2026-01-29T05:38:55.518836,1769665135,1594018,Ap Ba,VN,16.0544,108.2022,25200,803,Clouds,broken clouds,297.15,297.51,297.15,297.15,1017,73,1017,1003,10000,1.54,100,75,1769642279,1769683337
2026-01-29T06:39:26.971783,1769668766,1594018,Ap Ba,VN,16.0544,108.2022,25200,803,Clouds,broken clouds,298.15,298.51,298.15,298.15,1016,69,1016,1002,10000,2.57,100,75,1769642279,1769683337
2026-01-29T07:36:33.111502,1769672192,1594018,Ap Ba,VN,16.0544,108.2022,25200,801,Clouds,few clouds,298.15,298.3,298.15,298.15,1015,61,1015,1001,10000,3.6,100,20,1769642279,1769683337
2026-01-29T08:32:28.738647,1769675548,1594018,Ap Ba,VN,16.0544,108.2022,25200,801,Clouds,few clouds,298.15,298.4,298.15,298.15,1015,65,1015,1002,10000,3.6,100,20,1769642279,1769683337
2026-01-29T09:36:56.989352,1769679416,1594018,Ap Ba,VN,16.0544,108.2022,25200,801,Clouds,few clouds,297.15,297.51,297.15,297.15,1015,73,1015,1002,10000,2.57,120,20,1769642279,1769683337
2026-01-29T10:31:10.377975,1769682670,1594018,Ap Ba,VN,16.0544,108.2022,25200,801,Clouds,few clouds,297.15,297.51,297.15,297.15,1016,73,1016,1002,10000,2.06,100,20,1769642279,1769683337
2026-01-29T11:26:27.843760,1769685987,1594018,Ap Ba,VN,16.0544,108.2022,25200,801,Clouds,few clouds,296.15,296.54,296.15,296.15,1016,78,1016,1002,10000,2.06,130,20,1769642279,1769683337
2026-01-29T12:43:37.545492,1769690617,1594018,Ap Ba,VN,16.0544,108.2022,25200,802,Clouds,scattered clouds,296.15,296.67,296.15,296.15,1017,83,1017,1004,10000,1.03,240,40,1769642279,1769683337
2026-01-29T13:55:49.852744,1769694949,1594018,Ap Ba,VN,16.0544,108.2022,25200,802,Clouds,scattered clouds,295.15,295.57,295.15,295.15,1018,83,1018,1004,10000,1.03,240,40,1769642279,1769683337
2026-01-29T14:36:31.967655,1769697391,1594018,Ap Ba,VN,16.0544,108.2022,25200,802,Clouds,scattered clouds,294.15,294.6,294.15,294.15,1018,88,1018,1004,10000,0,0,40,1769642279,1769683337
2026-01-29T15:30:14.488651,1769700580,1594018,Ap Ba,VN,16.0544,108.2022,25200,802,Clouds,scattered clouds,294.15,294.6,294.15,294.15,1018,88,1018,1004,8000,0,0,40,1769642279,1769683337
2026-01-29T16:37:01.898173,1769704621,1594018,Ap Ba,VN,16.0544,108.2022,25200,701,Mist,mist,293.15,293.66,293.15,293.15,1017,94,1017,1003,5000,1.54,240,40,1769642279,1769683337
2026-01-29T17:33:25.096025,1769708005,1594018,Ap Ba,VN,16.0544,108.2022,25200,701,Mist,mist,293.15,293.66,293.15,293.15,1017,94,1017,1003,5000,1.03,0,75,1769728670,1769769768
2026-01-29T18:36:28.487734,1769711788,1594018,Ap Ba,VN,16.0544,108.2022,25200,701,Mist,mist,291.15,291.46,291.15,291.15,1017,94,1017,1003,5000,1.03,0,40,1769728670,1769769768
2026-01-29T19:26:33.961058,1769714793,1594018,Ap Ba,VN,16.0544,108.2022,25200,701,Mist,mist,291.15,291.46,291.15,291.15,1017,94,1017,1003,5000,1.03,220,40,1769728670,1769769768
2026-01-29T20:23:53.286535,1769718233,1594018,Ap Ba,VN,16.0544,108.2022,25200,701,Mist,mist,292.15,292.56,292.15,292.15,1016,94,1016,1003,5000,1.03,240,20,1769728670,1769769768
2026-01-29T21:21:40.326105,1769721700,1594018,Ap Ba,VN,16.0544,108.2022,25200,801,Clouds,few clouds,291.15,291.46,291.15,291.15,1016,94,1016,1003,6000,1.03,230,20,1769728670,1769769768
2026-01-29T22:21:56.024688,1769725316,1594018,Ap Ba,VN,16.0544,108.2022,25200,701,Mist,mist,291.15,291.46,291.15,291.15,1016,94,1016,1003,5000,0,0,40,1769728670,1769769768
2026-01-29T23:21:24.029294,1769728883,1594018,Ap Ba,VN,16.0544,108.2022,25200,701,Mist,mist,290.15,290.52,290.15,290.15,1018,100,1018,1003,5000,1.03,230,40,1769728670,1769769768
2026-01-30T01:27:48.368786,1769736468,1594018,Ap Ba,VN,16.0544,108.2022,25200,802,Clouds,scattered clouds,293.15,293.5,293.15,293.15,1019,88,1019,1005,8000,0.51,0,40,1769728670,1769769768
2026-01-30T04:04:33.889084,1769745873,1594018,Ap Ba,VN,16.0544,108.2022,25200,801,Clouds,few clouds,299.15,299.15,299.15,299.15,1019,57,1019,1005,10000,1.03,0,20,1769728670,1769769768
2026-01-30T05:41:53.217550,1769751713,1594018,Ap Ba,VN,16.0544,108.2022,25200,801,Clouds,few clouds,300.15,301.02,300.15,300.15,1016,57,1016,1003,10000,2.06,210,20,1769728670,1769769768
2026-01-30T06:40:41.708616,1769755241,1594018,Ap Ba,VN,16.0544,108.2022,25200,801,Clouds,few clouds,299.15,299.15,299.15,299.15,1016,61,1016,1002,10000,3.6,80,20,1769728670,1769769768
2026-01-30T08:31:29.217939,1769761889,1594018,Ap Ba,VN,16.0544,108.2022,25200,802,Clouds,scattered clouds,298.15,298.51,298.15,298.15,1015,69,1015,1002,10000,3.6,90,40,1769728670,1769769768
2026-01-30T09:32:44.374273,1769765564,1594018,Ap Ba,VN,16.0544,108.2022,25200,802,Clouds,scattered clouds,298.15,298.61,298.15,298.15,1016,73,1016,1002,10000,4.12,90,40,1769728670,1769769768
2026-01-30T10:28:04.326823,1769768884,1594018,Ap Ba,VN,16.0544,108.2022,25200,802,Clouds,scattered clouds,297.15,297.51,297.15,297.15,1016,73,1016,1002,10000,2.57,90,40,1769728670,1769769768
2026-01-30T11:23:38.337455,1769772218,1594018,Ap Ba,VN,16.0544,108.2022,25200,801,Clouds,few clouds,296.15,296.67,296.15,296.15,1016,83,1016,1002,10000,2.06,90,20,1769728670,1769769768
2026-01-30T12:41:09.383316,1769776869,1594018,Ap Ba,VN,16.0544,108.2022,25200,803,Clouds,broken clouds,296.15,296.67,296.15,296.15,1017,83,1017,1004,10000,1.03,0,75,1769728670,1769769768
2026-01-30T13:52:14.290175,1769781134,1594018,Ap Ba,VN,16.0544,108.2022,25200,802,Clouds,scattered clouds,296.15,296.67,296.15,296.15,1018,83,1018,1004,10000,0,0,40,1769728670,1769769768
2026-01-30T14:31:38.881223,1769783429,1594018,Ap Ba,VN,16.0544,108.2022,25200,803,Clouds,broken clouds,296.15,296.67,296.15,296.15,1018,83,1018,1004,10000,1.03,0,75,1769728670,1769769768
2026-01-30T15:28:20.409372,1769786900,1594018,Ap Ba,VN,16.0544,108.2022,25200,803,Clouds,broken clouds,296.15,296.67,296.15,296.15,1018,83,1018,1004,10000,1.03,0,75,1769728670,1769769768
2026-01-30T16:32:20.738531,1769790740,1594018,Ap Ba,VN,16.0544,108.2022,25200,803,Clouds,broken clouds,295.15,295.7,295.15,295.15,1018,88,1018,1004,10000,0,0,75,1769728670,1769769768
2026-01-30T17:29:10.853546,1769794150,1594018,Ap Ba,VN,16.0544,108.2022,25200,701,Mist,mist,295.15,295.7,295.15,295.15,1018,88,1018,1004,5000,1.03,300,75,1769815060,1769856199
2026-01-30T18:34:27.683339,1769798067,1594018,Ap Ba,VN,16.0544,108.2022,25200,701,Mist,mist,294.15,294.76,294.15,294.15,1017,94,1017,1003,5000,0,0,40,1769815060,1769856199
2026-01-30T19:27:44.290393,1769801264,1594018,Ap Ba,VN,16.0544,108.2022,25200,701,Mist,mist,294.15,294.6,294.15,294.15,1017,88,1017,1003,5000,0.51,320,75,1769815060,1769856199
2026-01-30T20:23:12.210093,1769804592,1594018,Ap Ba,VN,16.0544,108.2022,25200,802,Clouds,scattered clouds,293.15,293.5,293.15,293.15,1017,88,1017,1003,7000,1.03,360,40,1769815060,1769856199
2026-01-30T21:22:45.375945,1769808165,1594018,Ap Ba,VN,16.0544,108.2022,25200,802,Clouds,scattered clouds,293.15,293.5,293.15,293.15,1017,88,1017,1003,7000,1.03,310,40,1769815060,1769856199
2026-01-30T22:18:57.731500,1769811537,1594018,Ap Ba,VN,16.0544,108.2022,25200,802,Clouds,scattered clouds,293.15,293.5,293.15,293.15,1017,88,1017,1004,7000,0.51,200,40,1769815060,1769856199
2026-01-30T23:20:20.813823,1769815220,1594018,Ap Ba,VN,16.0544,108.2022,25200,802,Clouds,scattered clouds,292.15,292.4,292.15,292.15,1018,88,1018,1004,7000,1.03,350,40,1769815060,1769856199
2026-01-31T01:24:50.277910,1769822690,1594018,Ap Ba,VN,16.0544,108.2022,25200,801,Clouds,few clouds,295.15,295.44,295.15,295.15,1020,78,1020,1006,10000,1.03,320,20,1769815060,1769856199
2026-01-31T04:01:10.014478,1769832069,1594018,Ap Ba,VN,16.0544,108.2022,25200,801,Clouds,few clouds,298.15,298.3,298.15,298.15,1020,61,1020,1007,10000,2.57,20,20,1769815060,1769856199
2026-01-31T05:34:38.202403,1769837678,1594018,Ap Ba,VN,16.0544,108.2022,25200,801,Clouds,few clouds,299.15,299.15,299.15,299.15,1018,53,1018,1005,10000,3.6,360,20,1769815060,1769856199
2026-01-31T06:31:50.683446,1769841110,1594018,Ap Ba,VN,16.0544,108.2022,25200,801,Clouds,few clouds,298.15,298.3,298.15,298.15,1018,61,1018,1004,10000,5.14,20,20,1769815060,1769856199
2026-01-31T07:24:30.679143,1769844270,1594018,Ap Ba,VN,16.0544,108.2022,25200,801,Clouds,few clouds,299.15,299.15,299.15,299.15,1018,65,1018,1004,10000,5.66,20,20,1769815060,1769856199
2026-01-31T08:22:50.247994,1769847770,1594018,Ap Ba,VN,16.0544,108.2022,25200,801,Clouds,few clouds,299.15,299.15,299.15,299.15,1017,61,1017,1004,10000,5.14,20,20,1769815060,1769856199
2026-01-31T09:22:18.550725,1769851338,1594018,Ap Ba,VN,16.0544,108.2022,25200,801,Clouds,few clouds,298.15,298.51,298.15,298.15,1017,69,1017,1004,10000,4.63,30,20,1769815060,1769856199
2026-01-31T10:18:33.274134,1769854713,1594018,Ap Ba,VN,16.0544,108.2022,25200,801,Clouds,few clouds,297.15,297.51,297.15,297.15,1017,73,1017,1004,10000,5.14,30,20,1769815060,1769856199
2026-01-31T11:16:04.148366,1769858164,1594018,Ap Ba,VN,16.0544,108.2022,25200,801,Clouds,few clouds,296.15,296.67,296.15,296.15,1018,83,1018,1005,10000,5.14,30,20,1769815060,1769856199
2026-01-31T12:35:28.436755,1769862928,1594018,Ap Ba,VN,16.0544,108.2022,25200,801,Clouds,few clouds,296.15,296.54,296.15,296.15,1019,78,1019,1006,10000,4.63,30,20,1769815060,1769856199
2026-01-31T13:37:18.438529,1769866638,1594018,Ap Ba,VN,16.0544,108.2022,25200,802,Clouds,scattered clouds,295.15,295.57,295.15,295.15,1020,83,1020,1007,10000,5.14,30,40,1769815060,1769856199
2026-01-31T14:19:47.055697,1769869187,1594018,Ap Ba,VN,16.0544,108.2022,25200,802,Clouds,scattered clouds,295.15,295.7,295.15,295.15,1019,88,1019,1007,10000,5.66,30,40,1769815060,1769856199
2026-01-31T15:17:56.272189,1769872676,1594018,Ap Ba,VN,16.0544,108.2022,25200,802,Clouds,scattered clouds,295.15,295.57,295.15,295.15,1019,83,1019,1006,10000,4.63,10,40,1769815060,1769856199
2026-01-31T16:21:00.699544,1769876460,1594018,Ap Ba,VN,16.0544,108.2022,25200,802,Clouds,scattered clouds,295.15,295.57,295.15,295.15,1019,83,1019,1006,10000,1.03,0,40,1769815060,1769856199
2026-01-31T17:19:32.666307,1769879972,1594018,Ap Ba,VN,16.0544,108.2022,25200,802,Clouds,scattered clouds,294.15,294.47,294.15,294.15,1019,83,1019,1006,10000,1.54,240,40,1769901448,1769942630
2026-01-31T18:24:37.696410,1769883877,1594018,Ap Ba,VN,16.0544,108.2022,25200,801,Clouds,few clouds,293.15,293.5,293.15,293.15,1019,88,1019,1005,10000,1.54,290,20,1769901448,1769942630
2026-01-31T19:17:13.439465,1769887033,1594018,Ap Ba,VN,16.0544,108.2022,25200,802,Clouds,scattered clouds,294.15,294.47,294.15,294.15,1018,83,1018,1004,8000,1.54,320,40,1769901448,1769942630
2026-01-31T20:19:29.278522,1769890769,1594018,Ap Ba,VN,16.0544,108.2022,25200,803,Clouds,broken clouds,294.15,294.47,294.15,294.15,1018,83,1018,1004,10000,1.03,320,75,1769901448,1769942630
2026-01-31T21:16:21.173506,1769894181,1594018,Ap Ba,VN,16.0544,108.2022,25200,500,Rain,light rain,294.15,294.47,294.15,294.15,1018,83,1018,1004,6000,0,0,75,1769901448,1769942630
2026-01-31T22:16:51.808589,1769897811,1594018,Ap Ba,VN,16.0544,108.2022,25200,803,Clouds,broken clouds,293.15,293.66,293.15,293.15,1018,94,1018,1005,8000,0.51,0,75,1769901448,1769942630
2026-01-31T23:16:56.619484,1769901416,1594018,Ap Ba,VN,16.0544,108.2022,25200,500,Rain,light rain,293.15,293.66,293.15,293.15,1019,94,1019,1005,7000,0.51,0,75,1769901448,1769942630
2026-02-01T01:51:50.130370,1769910710,1594018,Ap Ba,VN,16.0544,108.2022,25200,803,Clouds,broken clouds,294.15,294.6,294.15,294.15,1021,88,1021,1008,8000,0.51,0,75,1769901448,1769942630
2026-02-01T04:26:11.963531,1769919971,1594018,Ap Ba,VN,16.0544,108.2022,25200,803,Clouds,broken clouds,295.15,295.57,295.15,295.15,1021,83,1021,1008,10000,1.54,10,75,1769901448,1769942630
2026-02-01T05:56:39.415555,1769925399,1594018,Ap Ba,VN,16.0544,108.2022,25200,500,Rain,light rain,295.15,295.7,295.15,295.15,1019,88,1019,1006,8000,1.54,350,75,1769901448,1769942630
2026-02-01T06:47:16.008015,1769928435,1594018,Ap Ba,VN,16.0544,108.2022,25200,803,Clouds,broken clouds,295.15,295.7,295.15,295.15,1019,88,1019,1005,8000,2.57,340,75,1769901448,1769942630
2026-02-01T07:33:59.538932,1769930844,1594018,Ap Ba,VN,16.0544,108.2022,25200,500,Rain,light rain,295.15,295.7,295.15,295.15,1019,88,1019,1005,6000,2.57,30,75,1769901448,1769942630
2026-02-01T08:25:48.729272,1769934244,1594018,Ap Ba,VN,16.0544,108.2022,25200,803,Clouds,broken clouds,294.15,294.76,294.15,294.15,1018,94,1018,1004,8000,2.57,340,75,1769901448,1769942630
2026-02-01T09:25:40.819114,1769937904,1594018,Ap Ba,VN,16.0544,108.2022,25200,803,Clouds,broken clouds,295.15,295.7,295.15,295.15,1019,88,1019,1005,10000,2.57,340,75,1769901448,1769942630
2026-02-01T10:19:48.799395,1769941188,1594018,Ap Ba,VN,16.0544,108.2022,25200,803,Clouds,broken clouds,295.15,295.86,295.15,295.15,1019,94,1019,1005,10000,2.57,10,75,1769901448,1769942630
2026-02-01T11:17:28.963118,1769944648,1594018,Ap Ba,VN,16.0544,108.2022,25200,803,Clouds,broken clouds,296.15,296.54,296.15,296.15,1019,78,1019,1006,10000,2.57,70,75,1769901448,1769942630
2026-02-01T12:36:50.372863,1769949410,1594018,Ap Ba,VN,16.0544,108.2022,25200,803,Clouds,broken clouds,295.15,295.57,295.15,295.15,1020,83,1020,1007,10000,2.06,70,75,1769901448,1769942630
2026-02-01T13:39:07.357971,1769953147,1594018,Ap Ba,VN,16.0544,108.2022,25200,803,Clouds,broken clouds,295.15,295.57,295.15,295.15,1021,83,1021,1008,10000,1.54,70,75,1769901448,1769942630
2026-02-01T14:20:59.651341,1769955659,1594018,Ap Ba,VN,16.0544,108.2022,25200,803,Clouds,broken clouds,296.15,296.54,296.15,296.15,1020,78,1020,1008,10000,1.54,80,75,1769901448,1769942630
2026-02-01T15:18:54.931571,1769959134,1594018,Ap Ba,VN,16.0544,108.2022,25200,803,Clouds,broken clouds,295.15,295.57,295.15,295.15,1021,83,1021,1007,10000,1.03,70,75,1769901448,1769942630
2026-02-01T16:22:05.697103,1769962925,1594018,Ap Ba,VN,16.0544,108.2022,25200,803,Clouds,broken clouds,295.15,295.57,295.15,295.15,1020,83,1020,1007,10000,1.54,70,75,1769901448,1769942630
2026-02-01T17:19:48.668853,1769966388,1594018,Ap Ba,VN,16.0544,108.2022,25200,803,Clouds,broken clouds,295.15,295.57,295.15,295.15,1020,83,1020,1006,10000,1.54,70,75,1769987836,1770029060
2026-02-01T18:26:53.014864,1769970413,1594018,Ap Ba,VN,16.0544,108.2022,25200,803,Clouds,broken clouds,295.15,295.57,295.15,295.15,1020,83,1020,1006,10000,1.54,50,75,1769987836,1770029060
2026-02-01T19:19:54.769303,1769973594,1594018,Ap Ba,VN,16.0544,108.2022,25200,803,Clouds,broken clouds,294.15,294.6,294.15,294.15,1019,88,1019,1005,10000,1.03,340,75,1769987836,1770029060
2026-02-01T20:20:16.996677,1769977216,1594018,Ap Ba,VN,16.0544,108.2022,25200,803,Clouds,broken clouds,294.15,294.6,294.15,294.15,1019,88,1019,1005,10000,1.03,320,75,1769987836,1770029060
2026-02-01T21:17:52.804164,1769980672,1594018,Ap Ba,VN,16.0544,108.2022,25200,803,Clouds,broken clouds,294.15,294.6,294.15,294.15,1018,88,1018,1005,10000,2.06,330,75,1769987836,1770029060
2026-02-01T22:18:13.473858,1769984293,1594018,Ap Ba,VN,16.0544,108.2022,25200,803,Clouds,broken clouds,295.15,295.7,295.15,295.15,1019,88,1019,1006,8000,0.51,0,75,1769987836,1770029060
2026-02-01T23:19:28.025090,1769987967,1594018,Ap Ba,VN,16.0544,108.2022,25200,803,Clouds,broken clouds,296.15,296.54,296.15,296.15,1020,78,1020,1006,10000,1.54,40,75,1769987836,1770029060
2026-02-02T01:44:49.685839,1769996526,1594018,Ap Ba,VN,16.0544,108.2022,25200,803,Clouds,broken clouds,296.15,296.54,296.15,296.15,1022,78,1022,1009,10000,3.09,70,75,1769987836,1770029060
2026-02-02T04:19:31.365611,1770005971,1594018,Ap Ba,VN,16.0544,108.2022,25200,701,Mist,mist,294.15,294.6,294.15,294.15,1022,88,1022,1008,5000,1.54,70,75,1769987836,1770029060
2026-02-02T05:59:54.445144,1770011994,1594018,Ap Ba,VN,16.0544,108.2022,25200,500,Rain,light rain,294.15,294.76,294.15,294.15,1020,94,1020,1007,5000,4.12,350,75,1769987836,1770029060
2026-02-02T07:12:39.747870,1770016359,1594018,Ap Ba,VN,16.0544,108.2022,25200,701,Mist,mist,294.15,294.76,294.15,294.15,1020,94,1020,1005,4000,2.57,30,75,1769987836,1770029060
2026-02-02T08:36:25.644149,1770021385,1594018,Ap Ba,VN,16.0544,108.2022,25200,803,Clouds,broken clouds,295.15,295.7,295.15,295.15,1019,88,1019,1006,10000,2.57,60,75,1769987836,1770029060
2026-02-02T09:41:11.646342,1770025271,1594018,Ap Ba,VN,16.0544,108.2022,25200,803,Clouds,broken clouds,296.15,296.67,296.15,296.15,1019,83,1019,1006,10000,3.6,60,75,1769987836,1770029060
2026-02-02T10:38:57.790278,1770028737,1594018,Ap Ba,VN,16.0544,108.2022,25200,803,Clouds,broken clouds,296.15,296.67,296.15,296.15,1020,83,1020,1006,8000,3.09,70,75,1769987836,1770029060
2026-02-02T11:31:49.637778,1770031909,1594018,Ap Ba,VN,16.0544,108.2022,25200,803,Clouds,broken clouds,295.15,295.7,295.15,295.15,1020,88,1020,1007,7000,3.6,60,75,1769987836,1770029060
2026-02-02T12:45:01.679697,1770036301,1594018,Ap Ba,VN,16.0544,108.2022,25200,803,Clouds,broken clouds,296.15,296.67,296.15,296.15,1021,83,1021,1008,10000,2.06,80,75,1769987836,1770029060
2026-02-02T13:58:39.863276,1770040719,1594018,Ap Ba,VN,16.0544,108.2022,25200,803,Clouds,broken clouds,296.15,296.67,296.15,296.15,1021,83,1021,1008,10000,1.54,70,75,1769987836,1770029060
2026-02-02T14:44:56.871565,1770043496,1594018,Ap Ba,VN,16.0544,108.2022,25200,803,Clouds,broken clouds,296.15,296.67,296.15,296.15,1021,83,1021,1008,10000,2.57,80,75,1769987836,1770029060
2026-02-02T15:33:40.726717,1770046420,1594018,Ap Ba,VN,16.0544,108.2022,25200,803,Clouds,broken clouds,295.15,295.7,295.15,295.15,1021,88,1021,1008,10000,3.09,70,75,1769987836,1770029060
2026-02-02T16:32:52.164194,1770049972,1594018,Ap Ba,VN,16.0544,108.2022,25200,803,Clouds,broken clouds,296.15,296.54,296.15,296.15,1021,78,1021,1008,10000,2.57,70,75,1769987836,1770029060
2026-02-02T17:34:00.638308,1770053640,1594018,Ap Ba,VN,16.0544,108.2022,25200,803,Clouds,broken clouds,296.15,296.54,296.15,296.15,1021,78,1021,1007,10000,2.06,60,75,1770074222,1770115489
2026-02-02T18:35:22.121407,1770057322,1594018,Ap Ba,VN,16.0544,108.2022,25200,803,Clouds,broken clouds,295.15,295.44,295.15,295.15,1020,78,1020,1007,10000,2.06,70,75,1770074222,1770115489
2026-02-02T23:22:38.595482,1770074558,1594018,Ap Ba,VN,16.0544,108.2022,25200,803,Clouds,broken clouds,295.15,295.57,295.15,295.15,1021,83,1021,1008,10000,2.06,70,75,1770074222,1770115489
2026-02-03T01:44:11.493682,1770083051,1594018,Ap Ba,VN,16.0544,108.2022,25200,803,Clouds,broken clouds,296.15,296.54,296.15,296.15,1023,78,1023,1009,10000,3.09,70,75,1770074222,1770115489
2026-02-03T04:10:19.570121,1770091819,1594018,Ap Ba,VN,16.0544,108.2022,25200,803,Clouds,broken clouds,296.15,296.54,296.15,296.15,1023,78,1023,1009,10000,4.12,80,75,1770074222,1770115489
2026-02-03T05:46:00.251012,1770097560,1594018,Ap Ba,VN,16.0544,108.2022,25200,804,Clouds,overcast clouds,296.15,296.54,296.15,296.15,1020,78,1020,1007,10000,2.57,80,100,1770074222,1770115489
2026-02-03T06:42:41.127917,1770100961,1594018,Ap Ba,VN,16.0544,108.2022,25200,803,Clouds,broken clouds,295.15,295.57,295.15,295.15,1020,83,1020,1005,8000,2.06,30,75,1770074222,1770115489
2026-02-03T07:38:26.977199,1770104306,1594018,Ap Ba,VN,16.0544,108.2022,25200,803,Clouds,broken clouds,295.15,295.7,295.15,295.15,1019,88,1019,1005,8000,2.57,60,75,1770074222,1770115489
2026-02-03T08:30:45.642216,1770107445,1594018,Ap Ba,VN,16.0544,108.2022,25200,803,Clouds,broken clouds,296.15,296.54,296.15,296.15,1019,78,1019,1005,10000,2.06,60,75,1770074222,1770115489
2026-02-03T09:35:00.856133,1770111300,1594018,Ap Ba,VN,16.0544,108.2022,25200,803,Clouds,broken clouds,296.15,296.54,296.15,296.15,1019,78,1019,1005,10000,2.06,70,75,1770074222,1770115489
2026-02-03T10:34:13.805218,1770114853,1594018,Ap Ba,VN,16.0544,108.2022,25200,803,Clouds,broken clouds,296.15,296.54,296.15,296.15,1020,78,1020,1006,10000,1.03,70,75,1770074222,1770115489
2026-02-03T11:30:28.095807,1770118228,1594018,Ap Ba,VN,16.0544,108.2022,25200,803,Clouds,broken clouds,296.15,296.54,296.15,296.15,1020,78,1020,1006,10000,1.03,240,75,1770074222,1770115489
2026-02-03T12:45:31.562509,1770122731,1594018,Ap Ba,VN,16.0544,108.2022,25200,803,Clouds,broken clouds,294.15,294.6,294.15,294.15,1020,88,1020,1007,6000,1.54,280,75,1770074222,1770115489
2026-02-03T14:00:41.877411,1770127224,1594018,Ap Ba,VN,16.0544,108.2022,25200,803,Clouds,broken clouds,294.15,294.6,294.15,294.15,1020,88,1020,1007,6000,1.54,350,75,1770074222,1770115489
2026-02-03T15:43:21.037703,1770133401,1594018,Ap Ba,VN,16.0544,108.2022,25200,701,Mist,mist,293.15,293.66,293.15,293.15,1020,94,1020,1006,4500,1.03,0,75,1770074222,1770115489
2026-02-03T16:44:47.223926,1770137087,1594018,Ap Ba,VN,16.0544,108.2022,25200,804,Clouds,overcast clouds,293.15,293.66,293.15,293.15,1020,94,1020,1006,8000,1.03,320,100,1770074222,1770115489
2026-02-03T17:48:56.422067,1770140936,1594018,Ap Ba,VN,16.0544,108.2022,25200,804,Clouds,overcast clouds,293.15,293.66,293.15,293.15,1019,94,1019,1005,7000,0,0,100,1770160607,1770201918
2026-02-03T18:49:26.225066,1770144445,1594018,Ap Ba,VN,16.0544,108.2022,25200,803,Clouds,broken clouds,293.15,293.82,293.15,293.15,1019,100,1019,1005,7000,1.03,230,75,1770160607,1770201918
2026-02-03T19:41:31.552808,1770147691,1594018,Ap Ba,VN,16.0544,108.2022,25200,803,Clouds,broken clouds,293.15,293.66,293.15,293.15,1019,94,1019,1005,10000,0.51,240,75,1770160607,1770201918
2026-02-03T20:30:08.977442,1770150608,1594018,Ap Ba,VN,16.0544,108.2022,25200,803,Clouds,broken clouds,293.15,293.66,293.15,293.15,1018,94,1018,1004,8000,1.03,240,75,1770160607,1770201918
2026-02-03T21:28:41.025619,1770154120,1594018,Ap Ba,VN,16.0544,108.2022,25200,803,Clouds,broken clouds,293.15,293.66,293.15,293.15,1018,94,1018,1004,8000,0,0,75,1770160607,1770201918
2026-02-03T22:24:23.042390,1770157463,1594018,Ap Ba,VN,16.0544,108.2022,25200,803,Clouds,broken clouds,293.15,293.66,293.15,293.15,1019,94,1019,1005,8000,0.51,190,75,1770160607,1770201918
2026-02-03T23:23:38.531593,1770161018,1594018,Ap Ba,VN,16.0544,108.2022,25200,803,Clouds,broken clouds,293.15,293.66,293.15,293.15,1019,94,1019,1005,8000,0,0,75,1770160607,1770201918
2026-02-04T01:27:39.604423,1770168459,1594018,Ap Ba,VN,16.0544,108.2022,25200,802,Clouds,scattered clouds,295.15,295.7,295.15,295.15,1020,88,1020,1006,10000,1.54,230,40,1770160607,1770201918
2026-02-04T04:07:09.969548,1770178029,1594018,Ap Ba,VN,16.0544,108.2022,25200,803,Clouds,broken clouds,298.15,298.51,298.15,298.15,1020,69,1020,1006,10000,1.54,190,75,1770160607,1770201918
2026-02-04T05:43:16.428477,1770183796,1594018,Ap Ba,VN,16.0544,108.2022,25200,802,Clouds,scattered clouds,299.15,299.15,299.15,299.15,1017,69,1017,1003,10000,1.03,0,40,1770160607,1770201918
2026-02-04T06:42:44.711711,1770187364,1594018,Ap Ba,VN,16.0544,108.2022,25200,801,Clouds,few clouds,299.15,299.15,299.15,299.15,1016,69,1016,1002,10000,2.57,120,20,1770160607,1770201918
2026-02-04T07:40:10.731419,1770190810,1594018,Ap Ba,VN,16.0544,108.2022,25200,801,Clouds,few clouds,298.15,298.51,298.15,298.15,1015,69,1015,1001,10000,3.09,130,20,1770160607,1770201918
2026-02-04T08:34:32.723906,1770193852,1594018,Ap Ba,VN,16.0544,108.2022,25200,801,Clouds,few clouds,298.15,298.4,298.15,298.15,1015,65,1015,1002,10000,3.6,120,20,1770160607,1770201918
2026-02-04T09:37:43.723737,1770197863,1594018,Ap Ba,VN,16.0544,108.2022,25200,801,Clouds,few clouds,298.15,298.51,298.15,298.15,1015,69,1015,1002,10000,3.6,120,20,1770160607,1770201918
2026-02-04T10:33:29.293791,1770201209,1594018,Ap Ba,VN,16.0544,108.2022,25200,801,Clouds,few clouds,297.15,297.51,297.15,297.15,1015,73,1015,1002,10000,3.6,120,20,1770160607,1770201918
2026-02-04T11:29:19.862053,1770204559,1594018,Ap Ba,VN,16.0544,108.2022,25200,801,Clouds,few clouds,296.15,296.67,296.15,296.15,1016,83,1016,1002,10000,2.06,120,20,1770160607,1770201918
2026-02-04T12:44:58.566072,1770209098,1594018,Ap Ba,VN,16.0544,108.2022,25200,801,Clouds,few clouds,296.15,296.67,296.15,296.15,1017,83,1017,1003,10000,1.54,110,20,1770160607,1770201918
2026-02-04T13:59:25.631092,1770213565,1594018,Ap Ba,VN,16.0544,108.2022,25200,801,Clouds,few clouds,296.15,296.67,296.15,296.15,1017,83,1017,1004,10000,1.03,130,20,1770160607,1770201918
2026-02-04T14:48:34.185242,1770216514,1594018,Ap Ba,VN,16.0544,108.2022,25200,802,Clouds,scattered clouds,296.15,296.8,296.15,296.15,1017,88,1017,1004,10000,1.03,0,40,1770160607,1770201918
2026-02-04T15:37:25.924108,1770219445,1594018,Ap Ba,VN,16.0544,108.2022,25200,802,Clouds,scattered clouds,295.15,295.86,295.15,295.15,1017,94,1017,1003,9000,1.03,0,40,1770160607,1770201918
2026-02-04T16:39:44.451157,1770223184,1594018,Ap Ba,VN,16.0544,108.2022,25200,802,Clouds,scattered clouds,295.15,295.86,295.15,295.15,1017,94,1017,1003,8000,1.03,0,40,1770160607,1770201918
2026-02-04T17:41:13.907155,1770226873,1594018,Ap Ba,VN,16.0544,108.2022,25200,802,Clouds,scattered clouds,295.15,295.86,295.15,295.15,1016,94,1016,1002,8000,1.03,220,40,1770246992,1770288347
2026-02-04T18:40:36.089953,1770230436,1594018,Ap Ba,VN,16.0544,108.2022,25200,803,Clouds,broken clouds,295.15,295.86,295.15,295.15,1015,94,1015,1002,8000,1.03,250,75,1770246992,1770288347
2026-02-04T19:35:27.223347,1770233727,1594018,Ap Ba,VN,16.0544,108.2022,25200,803,Clouds,broken clouds,295.15,295.7,295.15,295.15,1015,88,1015,1001,8000,0.51,220,75,1770246992,1770288347
2026-02-04T20:28:26.647936,1770236906,1594018,Ap Ba,VN,16.0544,108.2022,25200,803,Clouds,broken clouds,295.15,295.7,295.15,295.15,1015,88,1015,1001,8000,0.51,230,75,1770246992,1770288347
